,Average (Mean) Duration of Unemployment,Average Weekly Hours of All Employees: Total Private,"Commercial and Industrial Loans, All Commercial Banks",Manufacturers' New Orders: Nondefense Capital Goods Excluding Aircraft,New Private Housing Units Authorized by Building Permits,US Recession in 13 Weeks,Value of Manufacturers' New Orders for Consumer Goods: Consumer Durable Goods Industries,"Vendor Performance, Percent Reporting Slower Deliveries for United States",month
1946-02-01,,,,,,0.0,,,1946-02-01
1946-03-01,,,,,,0.0,,,1946-03-01
1946-04-01,,,,,,0.0,,,1946-04-01
1946-05-01,,,,,,0.0,,,1946-05-01
1946-06-01,,,,,,0.0,,,1946-06-01
1946-07-01,,,,,,0.0,,,1946-07-01
1946-08-01,,,,,,0.0,,,1946-08-01
1946-09-01,,,,,,0.0,,,1946-09-01
1946-10-01,,,,,,0.0,,,1946-10-01
1946-11-01,,,,,,0.0,,,1946-11-01
1946-12-01,,,,,,0.0,,,1946-12-01
1947-01-01,,,,,,0.0,,,1947-01-01
1947-02-01,,,,,,0.0,,,1947-02-01
1947-03-01,,,,,,0.0,,,1947-03-01
1947-04-01,,,,,,0.0,,,1947-04-01
1947-05-01,,,,,,0.0,,,1947-05-01
1947-06-01,,,,,,0.0,,,1947-06-01
1947-07-01,,,,,,0.0,,,1947-07-01
1947-08-01,,,,,,0.0,,,1947-08-01
1947-09-01,,,,,,0.0,,,1947-09-01
1947-10-01,,,,,,0.0,,,1947-10-01
1947-11-01,,,,,,0.0,,,1947-11-01
1947-12-01,,,,,,0.0,,,1947-12-01
1948-01-01,,,,,,0.0,,,1948-01-01
1948-02-01,,,,,,0.0,,,1948-02-01
1948-03-01,,,,,,0.0,,,1948-03-01
1948-04-01,,,,,,0.0,,,1948-04-01
1948-05-01,,,,,,0.0,,,1948-05-01
1948-06-01,,,,,,0.0,,,1948-06-01
1948-07-01,,,,,,0.0,,,1948-07-01
1948-08-01,,,,,,0.0,,,1948-08-01
1948-09-01,,,,,,0.0,,,1948-09-01
1948-10-01,,,,,,0.0,,,1948-10-01
1948-11-01,,,,,,0.0,,,1948-11-01
1948-12-01,,,,,,1.0,,,1948-12-01
1949-01-01,,,,,,1.0,,,1949-01-01
1949-02-01,,,,,,1.0,,,1949-02-01
1949-03-01,,,,,,1.0,,,1949-03-01
1949-04-01,,,,,,1.0,,,1949-04-01
1949-05-01,,,,,,1.0,,,1949-05-01
1949-06-01,,,,,,1.0,,,1949-06-01
1949-07-01,,,,,,1.0,,,1949-07-01
1949-08-01,,,,,,1.0,,,1949-08-01
1949-09-01,,,,,,1.0,,,1949-09-01
1949-10-01,,,,,,1.0,,,1949-10-01
1949-11-01,,,,,,0.0,,,1949-11-01
1949-12-01,,,,,,0.0,,,1949-12-01
1950-01-01,,,,,,0.0,,,1950-01-01
1950-02-01,,,,,,0.0,,,1950-02-01
1950-03-01,,,,,,0.0,,,1950-03-01
1950-04-01,,,,,,0.0,,,1950-04-01
1950-05-01,,,,,,0.0,,,1950-05-01
1950-06-01,,,,,,0.0,,,1950-06-01
1950-07-01,,,,,,0.0,,,1950-07-01
1950-08-01,,,,,,0.0,,,1950-08-01
1950-09-01,,,,,,0.0,,,1950-09-01
1950-10-01,,,,,,0.0,,,1950-10-01
1950-11-01,,,,,,0.0,,,1950-11-01
1950-12-01,,,,,,0.0,,,1950-12-01
1951-01-01,,,,,,0.0,,,1951-01-01
1951-02-01,,,,,,0.0,,,1951-02-01
1951-03-01,,,,,,0.0,,,1951-03-01
1951-04-01,,,,,,0.0,,,1951-04-01
1951-05-01,,,,,,0.0,,,1951-05-01
1951-06-01,,,,,,0.0,,,1951-06-01
1951-07-01,,,,,,0.0,,,1951-07-01
1951-08-01,,,,,,0.0,,,1951-08-01
1951-09-01,,,,,,0.0,,,1951-09-01
1951-10-01,,,,,,0.0,,,1951-10-01
1951-11-01,,,,,,0.0,,,1951-11-01
1951-12-01,,,,,,0.0,,,1951-12-01
1952-01-01,,,,,,0.0,,,1952-01-01
1952-02-01,,,,,,0.0,,,1952-02-01
1952-03-01,,,,,,0.0,,,1952-03-01
1952-04-01,,,,,,0.0,,,1952-04-01
1952-05-01,,,,,,0.0,,,1952-05-01
1952-06-01,,,,,,0.0,,,1952-06-01
1952-07-01,,,,,,0.0,,,1952-07-01
1952-08-01,,,,,,0.0,,,1952-08-01
1952-09-01,,,,,,0.0,,,1952-09-01
1952-10-01,,,,,,0.0,,,1952-10-01
1952-11-01,,,,,,0.0,,,1952-11-01
1952-12-01,,,,,,0.0,,,1952-12-01
1953-01-01,,,,,,0.0,,,1953-01-01
1953-02-01,,,,,,0.0,,,1953-02-01
1953-03-01,,,,,,0.0,,,1953-03-01
1953-04-01,,,,,,0.0,,,1953-04-01
1953-05-01,,,,,,0.0,,,1953-05-01
1953-06-01,,,,,,0.0,,,1953-06-01
1953-07-01,,,,,,0.0,,,1953-07-01
1953-08-01,,,,,,1.0,,,1953-08-01
1953-09-01,,,,,,1.0,,,1953-09-01
1953-10-01,,,,,,1.0,,,1953-10-01
1953-11-01,,,,,,1.0,,,1953-11-01
1953-12-01,,,,,,1.0,,,1953-12-01
1954-01-01,,,,,,1.0,,,1954-01-01
1954-02-01,,,,,,1.0,,,1954-02-01
1954-03-01,,,,,,1.0,,,1954-03-01
1954-04-01,,,,,,1.0,,,1954-04-01
1954-05-01,,,,,,1.0,,,1954-05-01
1954-06-01,,,,,,0.0,,,1954-06-01
1954-07-01,,,,,,0.0,,,1954-07-01
1954-08-01,,,,,,0.0,,,1954-08-01
1954-09-01,,,,,,0.0,,,1954-09-01
1954-10-01,,,,,,0.0,,,1954-10-01
1954-11-01,,,,,,0.0,,,1954-11-01
1954-12-01,,,,,,0.0,,,1954-12-01
1955-01-01,,,,,,0.0,,,1955-01-01
1955-02-01,,,,,,0.0,,,1955-02-01
1955-03-01,,,,,,0.0,,,1955-03-01
1955-04-01,,,,,,0.0,,,1955-04-01
1955-05-01,,,,,,0.0,,,1955-05-01
1955-06-01,,,,,,0.0,,,1955-06-01
1955-07-01,,,,,,0.0,,,1955-07-01
1955-08-01,,,,,,0.0,,,1955-08-01
1955-09-01,,,,,,0.0,,,1955-09-01
1955-10-01,,,,,,0.0,,,1955-10-01
1955-11-01,,,,,,0.0,,,1955-11-01
1955-12-01,,,,,,0.0,,,1955-12-01
1956-01-01,,,,,,0.0,,,1956-01-01
1956-02-01,,,,,,0.0,,,1956-02-01
1956-03-01,,,,,,0.0,,,1956-03-01
1956-04-01,,,,,,0.0,,,1956-04-01
1956-05-01,,,,,,0.0,,,1956-05-01
1956-06-01,,,,,,0.0,,,1956-06-01
1956-07-01,,,,,,0.0,,,1956-07-01
1956-08-01,,,,,,0.0,,,1956-08-01
1956-09-01,,,,,,0.0,,,1956-09-01
1956-10-01,,,,,,0.0,,,1956-10-01
1956-11-01,,,,,,0.0,,,1956-11-01
1956-12-01,,,,,,0.0,,,1956-12-01
1957-01-01,,,,,,0.0,,,1957-01-01
1957-02-01,,,,,,0.0,,,1957-02-01
1957-03-01,,,,,,0.0,,,1957-03-01
1957-04-01,,,,,,0.0,,,1957-04-01
1957-05-01,,,,,,0.0,,,1957-05-01
1957-06-01,,,,,,0.0,,,1957-06-01
1957-07-01,,,,,,0.0,,,1957-07-01
1957-08-01,,,,,,0.0,,,1957-08-01
1957-09-01,,,,,,1.0,,,1957-09-01
1957-10-01,,,,,,1.0,,,1957-10-01
1957-11-01,,,,,,1.0,,,1957-11-01
1957-12-01,,,,,,1.0,,,1957-12-01
1958-01-01,,,,,,1.0,,,1958-01-01
1958-02-01,,,,,,1.0,,,1958-02-01
1958-03-01,,,,,,1.0,,,1958-03-01
1958-04-01,,,,,,1.0,,,1958-04-01
1958-05-01,,,,,,0.0,,,1958-05-01
1958-06-01,,,,,,0.0,,,1958-06-01
1958-07-01,,,,,,0.0,,,1958-07-01
1958-08-01,,,,,,0.0,,,1958-08-01
1958-09-01,,,,,,0.0,,,1958-09-01
1958-10-01,,,,,,0.0,,,1958-10-01
1958-11-01,,,,,,0.0,,,1958-11-01
1958-12-01,,,,,,0.0,,,1958-12-01
1959-01-01,,,,,,0.0,,,1959-01-01
1959-02-01,,,,,,0.0,,,1959-02-01
1959-03-01,,,,,,0.0,,,1959-03-01
1959-04-01,,,,,,0.0,,,1959-04-01
1959-05-01,,,,,,0.0,,,1959-05-01
1959-06-01,,,,,,0.0,,,1959-06-01
1959-07-01,,,,,,0.0,,,1959-07-01
1959-08-01,,,,,,0.0,,,1959-08-01
1959-09-01,,,,,,0.0,,,1959-09-01
1959-10-01,,,,,,0.0,,,1959-10-01
1959-11-01,,,,,,0.0,,,1959-11-01
1959-12-01,,,,,,0.0,,,1959-12-01
1960-01-01,,,,,,0.0,,,1960-01-01
1960-02-01,,,,,,0.0,,,1960-02-01
1960-03-01,,,,,,0.0,,,1960-03-01
1960-04-01,,,,,,0.0,,,1960-04-01
1960-05-01,,,,,,1.0,,,1960-05-01
1960-06-01,,,,,,1.0,,,1960-06-01
1960-07-01,,,,,,1.0,,,1960-07-01
1960-08-01,,,,,,1.0,,,1960-08-01
1960-09-01,,,,,,1.0,,,1960-09-01
1960-10-01,,,,,,1.0,,,1960-10-01
1960-11-01,,,,,,1.0,,,1960-11-01
1960-12-01,,,,,,1.0,,,1960-12-01
1961-01-01,,,,,,1.0,,,1961-01-01
1961-02-01,,,,,,1.0,,,1961-02-01
1961-03-01,,,,,,0.0,,,1961-03-01
1961-04-01,,,,,,0.0,,,1961-04-01
1961-05-01,,,,,,0.0,,,1961-05-01
1961-06-01,,,,,,0.0,,,1961-06-01
1961-07-01,,,,,,0.0,,,1961-07-01
1961-08-01,,,,,,0.0,,,1961-08-01
1961-09-01,,,,,,0.0,,,1961-09-01
1961-10-01,,,,,,0.0,,,1961-10-01
1961-11-01,,,,,,0.0,,,1961-11-01
1961-12-01,,,,,,0.0,,,1961-12-01
1962-01-01,,,,,,0.0,,,1962-01-01
1962-02-01,,,,,,0.0,,,1962-02-01
1962-03-01,,,,,,0.0,,,1962-03-01
1962-04-01,,,,,,0.0,,,1962-04-01
1962-05-01,,,,,,0.0,,,1962-05-01
1962-06-01,,,,,,0.0,,,1962-06-01
1962-07-01,,,,,,0.0,,,1962-07-01
1962-08-01,,,,,,0.0,,,1962-08-01
1962-09-01,,,,,,0.0,,,1962-09-01
1962-10-01,,,,,,0.0,,,1962-10-01
1962-11-01,,,,,,0.0,,,1962-11-01
1962-12-01,,,,,,0.0,,,1962-12-01
1963-01-01,,,,,,0.0,,,1963-01-01
1963-02-01,,,,,,0.0,,,1963-02-01
1963-03-01,,,,,,0.0,,,1963-03-01
1963-04-01,,,,,,0.0,,,1963-04-01
1963-05-01,,,,,,0.0,,,1963-05-01
1963-06-01,,,,,,0.0,,,1963-06-01
1963-07-01,,,,,,0.0,,,1963-07-01
1963-08-01,,,,,,0.0,,,1963-08-01
1963-09-01,,,,,,0.0,,,1963-09-01
1963-10-01,,,,,,0.0,,,1963-10-01
1963-11-01,,,,,,0.0,,,1963-11-01
1963-12-01,,,,,,0.0,,,1963-12-01
1964-01-01,,,,,,0.0,,,1964-01-01
1964-02-01,,,,,,0.0,,,1964-02-01
1964-03-01,,,,,,0.0,,,1964-03-01
1964-04-01,,,,,,0.0,,,1964-04-01
1964-05-01,,,,,,0.0,,,1964-05-01
1964-06-01,,,,,,0.0,,,1964-06-01
1964-07-01,,,,,,0.0,,,1964-07-01
1964-08-01,,,,,,0.0,,,1964-08-01
1964-09-01,,,,,,0.0,,,1964-09-01
1964-10-01,,,,,,0.0,,,1964-10-01
1964-11-01,,,,,,0.0,,,1964-11-01
1964-12-01,,,,,,0.0,,,1964-12-01
1965-01-01,,,,,,0.0,,,1965-01-01
1965-02-01,,,,,,0.0,,,1965-02-01
1965-03-01,,,,,,0.0,,,1965-03-01
1965-04-01,,,,,,0.0,,,1965-04-01
1965-05-01,,,,,,0.0,,,1965-05-01
1965-06-01,,,,,,0.0,,,1965-06-01
1965-07-01,,,,,,0.0,,,1965-07-01
1965-08-01,,,,,,0.0,,,1965-08-01
1965-09-01,,,,,,0.0,,,1965-09-01
1965-10-01,,,,,,0.0,,,1965-10-01
1965-11-01,,,,,,0.0,,,1965-11-01
1965-12-01,,,,,,0.0,,,1965-12-01
1966-01-01,,,,,,0.0,,,1966-01-01
1966-02-01,,,,,,0.0,,,1966-02-01
1966-03-01,,,,,,0.0,,,1966-03-01
1966-04-01,,,,,,0.0,,,1966-04-01
1966-05-01,,,,,,0.0,,,1966-05-01
1966-06-01,,,,,,0.0,,,1966-06-01
1966-07-01,,,,,,0.0,,,1966-07-01
1966-08-01,,,,,,0.0,,,1966-08-01
1966-09-01,,,,,,0.0,,,1966-09-01
1966-10-01,,,,,,0.0,,,1966-10-01
1966-11-01,,,,,,0.0,,,1966-11-01
1966-12-01,,,,,,0.0,,,1966-12-01
1967-01-01,,,,,,0.0,,,1967-01-01
1967-02-01,,,,,,0.0,,,1967-02-01
1967-03-01,,,,,,0.0,,,1967-03-01
1967-04-01,,,,,,0.0,,,1967-04-01
1967-05-01,,,,,,0.0,,,1967-05-01
1967-06-01,,,,,,0.0,,,1967-06-01
1967-07-01,,,,,,0.0,,,1967-07-01
1967-08-01,,,,,,0.0,,,1967-08-01
1967-09-01,,,,,,0.0,,,1967-09-01
1967-10-01,,,,,,0.0,,,1967-10-01
1967-11-01,,,,,,0.0,,,1967-11-01
1967-12-01,,,,,,0.0,,,1967-12-01
1968-01-01,,,,,,0.0,,,1968-01-01
1968-02-01,,,,,,0.0,,,1968-02-01
1968-03-01,,,,,,0.0,,,1968-03-01
1968-04-01,,,,,,0.0,,,1968-04-01
1968-05-01,,,,,,0.0,,,1968-05-01
1968-06-01,,,,,,0.0,,,1968-06-01
1968-07-01,,,,,,0.0,,,1968-07-01
1968-08-01,,,,,,0.0,,,1968-08-01
1968-09-01,,,,,,0.0,,,1968-09-01
1968-10-01,,,,,,0.0,,,1968-10-01
1968-11-01,,,,,,0.0,,,1968-11-01
1968-12-01,,,,,,0.0,,,1968-12-01
1969-01-01,,,,,,0.0,,,1969-01-01
1969-02-01,,,,,,0.0,,,1969-02-01
1969-03-01,,,,,,0.0,,,1969-03-01
1969-04-01,,,,,,0.0,,,1969-04-01
1969-05-01,,,,,,0.0,,,1969-05-01
1969-06-01,,,,,,0.0,,,1969-06-01
1969-07-01,,,,,,0.0,,,1969-07-01
1969-08-01,,,,,,0.0,,,1969-08-01
1969-09-01,,,,,,0.0,,,1969-09-01
1969-10-01,,,,,,0.0,,,1969-10-01
1969-11-01,,,,,,0.0,,,1969-11-01
1969-12-01,,,,,,0.0,,,1969-12-01
1970-01-01,,,,,,1.0,,,1970-01-01
1970-02-01,,,,,,1.0,,,1970-02-01
1970-03-01,,,,,,1.0,,,1970-03-01
1970-04-01,,,,,,1.0,,,1970-04-01
1970-05-01,,,,,,1.0,,,1970-05-01
1970-06-01,,,,,,1.0,,,1970-06-01
1970-07-01,,,,,,1.0,,,1970-07-01
1970-08-01,,,,,,1.0,,,1970-08-01
1970-09-01,,,,,,1.0,,,1970-09-01
1970-10-01,,,,,,1.0,,,1970-10-01
1970-11-01,,,,,,1.0,,,1970-11-01
1970-12-01,,,,,,0.0,,,1970-12-01
1971-01-01,,,,,,0.0,,,1971-01-01
1971-02-01,,,,,,0.0,,,1971-02-01
1971-03-01,,,,,,0.0,,,1971-03-01
1971-04-01,,,,,,0.0,,,1971-04-01
1971-05-01,,,,,,0.0,,,1971-05-01
1971-06-01,,,,,,0.0,,,1971-06-01
1971-07-01,,,,,,0.0,,,1971-07-01
1971-08-01,,,,,,0.0,,,1971-08-01
1971-09-01,,,,,,0.0,,,1971-09-01
1971-10-01,,,,,,0.0,,,1971-10-01
1971-11-01,,,,,,0.0,,,1971-11-01
1971-12-01,,,,,,0.0,,,1971-12-01
1972-01-01,,,,,,0.0,,,1972-01-01
1972-02-01,,,,,,0.0,,,1972-02-01
1972-03-01,,,,,,0.0,,,1972-03-01
1972-04-01,,,,,,0.0,,,1972-04-01
1972-05-01,,,,,,0.0,,,1972-05-01
1972-06-01,,,,,,0.0,,,1972-06-01
1972-07-01,,,,,,0.0,,,1972-07-01
1972-08-01,,,,,,0.0,,,1972-08-01
1972-09-01,,,,,,0.0,,,1972-09-01
1972-10-01,,,,,,0.0,,,1972-10-01
1972-11-01,,,,,,0.0,,,1972-11-01
1972-12-01,,,,,,0.0,,,1972-12-01
1973-01-01,,,,,,0.0,,,1973-01-01
1973-02-01,,,,,,0.0,,,1973-02-01
1973-03-01,,,,,,0.0,,,1973-03-01
1973-04-01,,,,,,0.0,,,1973-04-01
1973-05-01,,,,,,0.0,,,1973-05-01
1973-06-01,,,,,,0.0,,,1973-06-01
1973-07-01,,,,,,0.0,,,1973-07-01
1973-08-01,,,,,,0.0,,,1973-08-01
1973-09-01,,,,,,0.0,,,1973-09-01
1973-10-01,,,,,,0.0,,,1973-10-01
1973-11-01,,,,,,0.0,,,1973-11-01
1973-12-01,,,,,,1.0,,,1973-12-01
1974-01-01,,,,,,1.0,,,1974-01-01
1974-02-01,,,,,,1.0,,,1974-02-01
1974-03-01,,,,,,1.0,,,1974-03-01
1974-04-01,,,,,,1.0,,,1974-04-01
1974-05-01,,,,,,1.0,,,1974-05-01
1974-06-01,,,,,,1.0,,,1974-06-01
1974-07-01,,,,,,1.0,,,1974-07-01
1974-08-01,,,,,,1.0,,,1974-08-01
1974-09-01,,,,,,1.0,,,1974-09-01
1974-10-01,,,,,,1.0,,,1974-10-01
1974-11-01,,,,,,1.0,,,1974-11-01
1974-12-01,,,,,,1.0,,,1974-12-01
1975-01-01,,,,,,1.0,,,1975-01-01
1975-02-01,,,,,,1.0,,,1975-02-01
1975-03-01,,,,,,1.0,,,1975-03-01
1975-04-01,,,,,,0.0,,,1975-04-01
1975-05-01,,,,,,0.0,,,1975-05-01
1975-06-01,,,,,,0.0,,,1975-06-01
1975-07-01,,,,,,0.0,,,1975-07-01
1975-08-01,,,,,,0.0,,,1975-08-01
1975-09-01,,,,,,0.0,,,1975-09-01
1975-10-01,,,,,,0.0,,,1975-10-01
1975-11-01,,,,,,0.0,,,1975-11-01
1975-12-01,,,,,,0.0,,,1975-12-01
1976-01-01,,,,,,0.0,,,1976-01-01
1976-02-01,,,,,,0.0,,,1976-02-01
1976-03-01,,,,,,0.0,,,1976-03-01
1976-04-01,,,,,,0.0,,,1976-04-01
1976-05-01,,,,,,0.0,,,1976-05-01
1976-06-01,,,,,,0.0,,,1976-06-01
1976-07-01,,,,,,0.0,,,1976-07-01
1976-08-01,,,,,,0.0,,,1976-08-01
1976-09-01,,,,,,0.0,,,1976-09-01
1976-10-01,,,,,,0.0,,,1976-10-01
1976-11-01,,,,,,0.0,,,1976-11-01
1976-12-01,,,,,,0.0,,,1976-12-01
1977-01-01,,,,,,0.0,,,1977-01-01
1977-02-01,,,,,,0.0,,,1977-02-01
1977-03-01,,,,,,0.0,,,1977-03-01
1977-04-01,,,,,,0.0,,,1977-04-01
1977-05-01,,,,,,0.0,,,1977-05-01
1977-06-01,,,,,,0.0,,,1977-06-01
1977-07-01,,,,,,0.0,,,1977-07-01
1977-08-01,,,,,,0.0,,,1977-08-01
1977-09-01,,,,,,0.0,,,1977-09-01
1977-10-01,,,,,,0.0,,,1977-10-01
1977-11-01,,,,,,0.0,,,1977-11-01
1977-12-01,,,,,,0.0,,,1977-12-01
1978-01-01,,,,,,0.0,,,1978-01-01
1978-02-01,,,,,,0.0,,,1978-02-01
1978-03-01,,,,,,0.0,,,1978-03-01
1978-04-01,,,,,,0.0,,,1978-04-01
1978-05-01,,,,,,0.0,,,1978-05-01
1978-06-01,,,,,,0.0,,,1978-06-01
1978-07-01,,,,,,0.0,,,1978-07-01
1978-08-01,,,,,,0.0,,,1978-08-01
1978-09-01,,,,,,0.0,,,1978-09-01
1978-10-01,,,,,,0.0,,,1978-10-01
1978-11-01,,,,,,0.0,,,1978-11-01
1978-12-01,,,,,,0.0,,,1978-12-01
1979-01-01,,,,,,0.0,,,1979-01-01
1979-02-01,,,,,,0.0,,,1979-02-01
1979-03-01,,,,,,0.0,,,1979-03-01
1979-04-01,,,,,,0.0,,,1979-04-01
1979-05-01,,,,,,0.0,,,1979-05-01
1979-06-01,,,,,,0.0,,,1979-06-01
1979-07-01,,,,,,0.0,,,1979-07-01
1979-08-01,,,,,,0.0,,,1979-08-01
1979-09-01,,,,,,0.0,,,1979-09-01
1979-10-01,,,,,,0.0,,,1979-10-01
1979-11-01,,,,,,0.0,,,1979-11-01
1979-12-01,,,,,,0.0,,,1979-12-01
1980-01-01,,,,,,0.0,,,1980-01-01
1980-02-01,,,,,,1.0,,,1980-02-01
1980-03-01,,,,,,1.0,,,1980-03-01
1980-04-01,,,,,,1.0,,,1980-04-01
1980-05-01,,,,,,1.0,,,1980-05-01
1980-06-01,,,,,,1.0,,,1980-06-01
1980-07-01,,,,,,1.0,,,1980-07-01
1980-08-01,,,,,,0.0,,,1980-08-01
1980-09-01,,,,,,0.0,,,1980-09-01
1980-10-01,,,,,,0.0,,,1980-10-01
1980-11-01,,,,,,0.0,,,1980-11-01
1980-12-01,,,,,,0.0,,,1980-12-01
1981-01-01,,,,,,0.0,,,1981-01-01
1981-02-01,,,,,,0.0,,,1981-02-01
1981-03-01,,,,,,0.0,,,1981-03-01
1981-04-01,,,,,,0.0,,,1981-04-01
1981-05-01,,,,,,0.0,,,1981-05-01
1981-06-01,,,,,,0.0,,,1981-06-01
1981-07-01,,,,,,0.0,,,1981-07-01
1981-08-01,,,,,,1.0,,,1981-08-01
1981-09-01,,,,,,1.0,,,1981-09-01
1981-10-01,,,,,,1.0,,,1981-10-01
1981-11-01,,,,,,1.0,,,1981-11-01
1981-12-01,,,,,,1.0,,,1981-12-01
1982-01-01,,,,,,1.0,,,1982-01-01
1982-02-01,,,,,,1.0,,,1982-02-01
1982-03-01,,,,,,1.0,,,1982-03-01
1982-04-01,,,,,,1.0,,,1982-04-01
1982-05-01,,,,,,1.0,,,1982-05-01
1982-06-01,,,,,,1.0,,,1982-06-01
1982-07-01,,,,,,1.0,,,1982-07-01
1982-08-01,,,,,,1.0,,,1982-08-01
1982-09-01,,,,,,1.0,,,1982-09-01
1982-10-01,,,,,,1.0,,,1982-10-01
1982-11-01,,,,,,1.0,,,1982-11-01
1982-12-01,,,,,,0.0,,,1982-12-01
1983-01-01,,,,,,0.0,,,1983-01-01
1983-02-01,,,,,,0.0,,,1983-02-01
1983-03-01,,,,,,0.0,,,1983-03-01
1983-04-01,,,,,,0.0,,,1983-04-01
1983-05-01,,,,,,0.0,,,1983-05-01
1983-06-01,,,,,,0.0,,,1983-06-01
1983-07-01,,,,,,0.0,,,1983-07-01
1983-08-01,,,,,,0.0,,,1983-08-01
1983-09-01,,,,,,0.0,,,1983-09-01
1983-10-01,,,,,,0.0,,,1983-10-01
1983-11-01,,,,,,0.0,,,1983-11-01
1983-12-01,,,,,,0.0,,,1983-12-01
1984-01-01,,,,,,0.0,,,1984-01-01
1984-02-01,,,,,,0.0,,,1984-02-01
1984-03-01,,,,,,0.0,,,1984-03-01
1984-04-01,,,,,,0.0,,,1984-04-01
1984-05-01,,,,,,0.0,,,1984-05-01
1984-06-01,,,,,,0.0,,,1984-06-01
1984-07-01,,,,,,0.0,,,1984-07-01
1984-08-01,,,,,,0.0,,,1984-08-01
1984-09-01,,,,,,0.0,,,1984-09-01
1984-10-01,,,,,,0.0,,,1984-10-01
1984-11-01,,,,,,0.0,,,1984-11-01
1984-12-01,,,,,,0.0,,,1984-12-01
1985-01-01,,,,,,0.0,,,1985-01-01
1985-02-01,,,,,,0.0,,,1985-02-01
1985-03-01,,,,,,0.0,,,1985-03-01
1985-04-01,,,,,,0.0,,,1985-04-01
1985-05-01,,,,,,0.0,,,1985-05-01
1985-06-01,,,,,,0.0,,,1985-06-01
1985-07-01,,,,,,0.0,,,1985-07-01
1985-08-01,,,,,,0.0,,,1985-08-01
1985-09-01,,,,,,0.0,,,1985-09-01
1985-10-01,,,,,,0.0,,,1985-10-01
1985-11-01,,,,,,0.0,,,1985-11-01
1985-12-01,,,,,,0.0,,,1985-12-01
1986-01-01,,,,,,0.0,,,1986-01-01
1986-02-01,,,,,,0.0,,,1986-02-01
1986-03-01,,,,,,0.0,,,1986-03-01
1986-04-01,,,,,,0.0,,,1986-04-01
1986-05-01,,,,,,0.0,,,1986-05-01
1986-06-01,,,,,,0.0,,,1986-06-01
1986-07-01,,,,,,0.0,,,1986-07-01
1986-08-01,,,,,,0.0,,,1986-08-01
1986-09-01,,,,,,0.0,,,1986-09-01
1986-10-01,,,,,,0.0,,,1986-10-01
1986-11-01,,,,,,0.0,,,1986-11-01
1986-12-01,,,,,,0.0,,,1986-12-01
1987-01-01,,,,,,0.0,,,1987-01-01
1987-02-01,,,,,,0.0,,,1987-02-01
1987-03-01,,,,,,0.0,,,1987-03-01
1987-04-01,,,,,,0.0,,,1987-04-01
1987-05-01,,,,,,0.0,,,1987-05-01
1987-06-01,,,,,,0.0,,,1987-06-01
1987-07-01,,,,,,0.0,,,1987-07-01
1987-08-01,,,,,,0.0,,,1987-08-01
1987-09-01,,,,,,0.0,,,1987-09-01
1987-10-01,,,,,,0.0,,,1987-10-01
1987-11-01,,,,,,0.0,,,1987-11-01
1987-12-01,,,,,,0.0,,,1987-12-01
1988-01-01,,,,,,0.0,,,1988-01-01
1988-02-01,,,,,,0.0,,,1988-02-01
1988-03-01,,,,,,0.0,,,1988-03-01
1988-04-01,,,,,,0.0,,,1988-04-01
1988-05-01,,,,,,0.0,,,1988-05-01
1988-06-01,,,,,,0.0,,,1988-06-01
1988-07-01,,,,,,0.0,,,1988-07-01
1988-08-01,,,,,,0.0,,,1988-08-01
1988-09-01,,,,,,0.0,,,1988-09-01
1988-10-01,,,,,,0.0,,,1988-10-01
1988-11-01,,,,,,0.0,,,1988-11-01
1988-12-01,,,,,,0.0,,,1988-12-01
1989-01-01,,,,,,0.0,,,1989-01-01
1989-02-01,,,,,,0.0,,,1989-02-01
1989-03-01,,,,,,0.0,,,1989-03-01
1989-04-01,,,,,,0.0,,,1989-04-01
1989-05-01,,,,,,0.0,,,1989-05-01
1989-06-01,,,,,,0.0,,,1989-06-01
1989-07-01,,,,,,0.0,,,1989-07-01
1989-08-01,,,,,,0.0,,,1989-08-01
1989-09-01,,,,,,0.0,,,1989-09-01
1989-10-01,,,,,,0.0,,,1989-10-01
1989-11-01,,,,,,0.0,,,1989-11-01
1989-12-01,,,,,,0.0,,,1989-12-01
1990-01-01,,,,,,0.0,,,1990-01-01
1990-02-01,,,,,,0.0,,,1990-02-01
1990-03-01,,,,,,0.0,,,1990-03-01
1990-04-01,,,,,,0.0,,,1990-04-01
1990-05-01,,,,,,0.0,,,1990-05-01
1990-06-01,,,,,,0.0,,,1990-06-01
1990-07-01,,,,,,0.0,,,1990-07-01
1990-08-01,,,,,,1.0,,,1990-08-01
1990-09-01,,,,,,1.0,,,1990-09-01
1990-10-01,,,,,,1.0,,,1990-10-01
1990-11-01,,,,,,1.0,,,1990-11-01
1990-12-01,,,,,,1.0,,,1990-12-01
1991-01-01,,,,,,1.0,,,1991-01-01
1991-02-01,,,,,,1.0,,,1991-02-01
1991-03-01,,,,,,1.0,,,1991-03-01
1991-04-01,,,,,,0.0,,,1991-04-01
1991-05-01,,,,,,0.0,,,1991-05-01
1991-06-01,,,,,,0.0,,,1991-06-01
1991-07-01,,,,,,0.0,,,1991-07-01
1991-08-01,,,,,,0.0,,,1991-08-01
1991-09-01,,,,,,0.0,,,1991-09-01
1991-10-01,,,,,,0.0,,,1991-10-01
1991-11-01,,,,,,0.0,,,1991-11-01
1991-12-01,,,,,,0.0,,,1991-12-01
1992-01-01,,,,,,0.0,,,1992-01-01
1992-02-01,,,,,,0.0,,,1992-02-01
1992-03-01,,,,,,0.0,,,1992-03-01
1992-04-01,,,,,,0.0,,,1992-04-01
1992-05-01,,,,,,0.0,,,1992-05-01
1992-06-01,,,,,,0.0,,,1992-06-01
1992-07-01,,,,,,0.0,,,1992-07-01
1992-08-01,,,,,,0.0,,,1992-08-01
1992-09-01,,,,,,0.0,,,1992-09-01
1992-10-01,,,,,,0.0,,,1992-10-01
1992-11-01,,,,,,0.0,,,1992-11-01
1992-12-01,,,,,,0.0,,,1992-12-01
1993-01-01,,,,,,0.0,,,1993-01-01
1993-02-01,,,,,,0.0,,,1993-02-01
1993-03-01,,,,,,0.0,,,1993-03-01
1993-04-01,,,,,,0.0,,,1993-04-01
1993-05-01,,,,,,0.0,,,1993-05-01
1993-06-01,,,,,,0.0,,,1993-06-01
1993-07-01,,,,,,0.0,,,1993-07-01
1993-08-01,,,,,,0.0,,,1993-08-01
1993-09-01,,,,,,0.0,,,1993-09-01
1993-10-01,,,,,,0.0,,,1993-10-01
1993-11-01,,,,,,0.0,,,1993-11-01
1993-12-01,,,,,,0.0,,,1993-12-01
1994-01-01,,,,,,0.0,,,1994-01-01
1994-02-01,,,,,,0.0,,,1994-02-01
1994-03-01,,,,,,0.0,,,1994-03-01
1994-04-01,,,,,,0.0,,,1994-04-01
1994-05-01,,,,,,0.0,,,1994-05-01
1994-06-01,,,,,,0.0,,,1994-06-01
1994-07-01,,,,,,0.0,,,1994-07-01
1994-08-01,,,,,,0.0,,,1994-08-01
1994-09-01,,,,,,0.0,,,1994-09-01
1994-10-01,,,,,,0.0,,,1994-10-01
1994-11-01,,,,,,0.0,,,1994-11-01
1994-12-01,,,,,,0.0,,,1994-12-01
1995-01-01,,,,,,0.0,,,1995-01-01
1995-02-01,,,,,,0.0,,,1995-02-01
1995-03-01,,,,,,0.0,,,1995-03-01
1995-04-01,,,,,,0.0,,,1995-04-01
1995-05-01,,,,,,0.0,,,1995-05-01
1995-06-01,,,,,,0.0,,,1995-06-01
1995-07-01,,,,,,0.0,,,1995-07-01
1995-08-01,,,,,,0.0,,,1995-08-01
1995-09-01,,,,,,0.0,,,1995-09-01
1995-10-01,,,,,,0.0,,,1995-10-01
1995-11-01,,,,,,0.0,,,1995-11-01
1995-12-01,,,,,,0.0,,,1995-12-01
1996-01-01,,,,,,0.0,,,1996-01-01
1996-02-01,,,,,,0.0,,,1996-02-01
1996-03-01,,,,,,0.0,,,1996-03-01
1996-04-01,,,,,,0.0,,,1996-04-01
1996-05-01,,,,,,0.0,,,1996-05-01
1996-06-01,,,,,,0.0,,,1996-06-01
1996-07-01,,,,,,0.0,,,1996-07-01
1996-08-01,,,,,,0.0,,,1996-08-01
1996-09-01,,,,,,0.0,,,1996-09-01
1996-10-01,,,,,,0.0,,,1996-10-01
1996-11-01,,,,,,0.0,,,1996-11-01
1996-12-01,,,,,,0.0,,,1996-12-01
1997-01-01,,,,,,0.0,,,1997-01-01
1997-02-01,,,,,,0.0,,,1997-02-01
1997-03-01,,,,,,0.0,,,1997-03-01
1997-04-01,,,,,,0.0,,,1997-04-01
1997-05-01,,,,,,0.0,,,1997-05-01
1997-06-01,,,,,,0.0,,,1997-06-01
1997-07-01,,,,,,0.0,,,1997-07-01
1997-08-01,,,,,,0.0,,,1997-08-01
1997-09-01,,,,,,0.0,,,1997-09-01
1997-10-01,,,,,,0.0,,,1997-10-01
1997-11-01,,,,,,0.0,,,1997-11-01
1997-12-01,,,,,,0.0,,,1997-12-01
1998-01-01,,,,,,0.0,,,1998-01-01
1998-02-01,,,,,,0.0,,,1998-02-01
1998-03-01,,,,,,0.0,,,1998-03-01
1998-04-01,,,,,,0.0,,,1998-04-01
1998-05-01,,,,,,0.0,,,1998-05-01
1998-06-01,,,,,,0.0,,,1998-06-01
1998-07-01,,,,,,0.0,,,1998-07-01
1998-08-01,,,,,,0.0,,,1998-08-01
1998-09-01,,,,,,0.0,,,1998-09-01
1998-10-01,,,,,,0.0,,,1998-10-01
1998-11-01,,,,,,0.0,,,1998-11-01
1998-12-01,,,,,,0.0,,,1998-12-01
1999-01-01,,,,,,0.0,,,1999-01-01
1999-02-01,,,,,,0.0,,,1999-02-01
1999-03-01,,,,,,0.0,,,1999-03-01
1999-04-01,,,,,,0.0,,,1999-04-01
1999-05-01,,,,,,0.0,,,1999-05-01
1999-06-01,,,,,,0.0,,,1999-06-01
1999-07-01,,,,,,0.0,,,1999-07-01
1999-08-01,,,,,,0.0,,,1999-08-01
1999-09-01,,,,,,0.0,,,1999-09-01
1999-10-01,,,,,,0.0,,,1999-10-01
1999-11-01,,,,,,0.0,,,1999-11-01
1999-12-01,,,,,,0.0,,,1999-12-01
2000-01-01,,,,,,0.0,,,2000-01-01
2000-02-01,,,,,,0.0,,,2000-02-01
2000-03-01,,,,,,0.0,,,2000-03-01
2000-04-01,,,,,,0.0,,,2000-04-01
2000-05-01,,,,,,0.0,,,2000-05-01
2000-06-01,,,,,,0.0,,,2000-06-01
2000-07-01,,,,,,0.0,,,2000-07-01
2000-08-01,,,,,,0.0,,,2000-08-01
2000-09-01,,,,,,0.0,,,2000-09-01
2000-10-01,,,,,,0.0,,,2000-10-01
2000-11-01,,,,,,0.0,,,2000-11-01
2000-12-01,,,,,,0.0,,,2000-12-01
2001-01-01,,,,,,0.0,,,2001-01-01
2001-02-01,,,,,,0.0,,,2001-02-01
2001-03-01,,,,,,0.0,,,2001-03-01
2001-04-01,,,,,,1.0,,,2001-04-01
2001-05-01,,,,,,1.0,,,2001-05-01
2001-06-01,,,,,,1.0,,,2001-06-01
2001-07-01,,,,,,1.0,,,2001-07-01
2001-08-01,,,,,,1.0,,,2001-08-01
2001-09-01,,,,,,1.0,,,2001-09-01
2001-10-01,,,,,,1.0,,,2001-10-01
2001-11-01,,,,,,1.0,,,2001-11-01
2001-12-01,,,,,,0.0,,,2001-12-01
2002-01-01,,,,,,0.0,,,2002-01-01
2002-02-01,,,,,,0.0,,,2002-02-01
2002-03-01,,,,,,0.0,,,2002-03-01
2002-04-01,,,,,,0.0,,,2002-04-01
2002-05-01,,,,,,0.0,,,2002-05-01
2002-06-01,,,,,,0.0,,,2002-06-01
2002-07-01,,,,,,0.0,,,2002-07-01
2002-08-01,,,,,,0.0,,,2002-08-01
2002-09-01,,,,,,0.0,,,2002-09-01
2002-10-01,,,,,,0.0,,,2002-10-01
2002-11-01,,,,,,0.0,,,2002-11-01
2002-12-01,,,,,,0.0,,,2002-12-01
2003-01-01,,,,,,0.0,,,2003-01-01
2003-02-01,,,,,,0.0,,,2003-02-01
2003-03-01,,,,,,0.0,,,2003-03-01
2003-04-01,,,,,,0.0,,,2003-04-01
2003-05-01,,,,,,0.0,,,2003-05-01
2003-06-01,,,,,,0.0,,,2003-06-01
2003-07-01,,,,,,0.0,,,2003-07-01
2003-08-01,,,,,,0.0,,,2003-08-01
2003-09-01,,,,,,0.0,,,2003-09-01
2003-10-01,,,,,,0.0,,,2003-10-01
2003-11-01,,,,,,0.0,,,2003-11-01
2003-12-01,,,,,,0.0,,,2003-12-01
2004-01-01,,,,,,0.0,,,2004-01-01
2004-02-01,,,,,,0.0,,,2004-02-01
2004-03-01,,,,,,0.0,,,2004-03-01
2004-04-01,,,,,,0.0,,,2004-04-01
2004-05-01,,,,,,0.0,,,2004-05-01
2004-06-01,,,,,,0.0,,,2004-06-01
2004-07-01,,,,,,0.0,,,2004-07-01
2004-08-01,,,,,,0.0,,,2004-08-01
2004-09-01,,,,,,0.0,,,2004-09-01
2004-10-01,,,,,,0.0,,,2004-10-01
2004-11-01,,,,,,0.0,,,2004-11-01
2004-12-01,,,,,,0.0,,,2004-12-01
2005-01-01,,,,,,0.0,,,2005-01-01
2005-02-01,,,,,,0.0,,,2005-02-01
2005-03-01,,,,,,0.0,,,2005-03-01
2005-04-01,,,,,,0.0,,,2005-04-01
2005-05-01,,,,,,0.0,,,2005-05-01
2005-06-01,,,,,,0.0,,,2005-06-01
2005-07-01,,,,,,0.0,,,2005-07-01
2005-08-01,,,,,,0.0,,,2005-08-01
2005-09-01,,,,,,0.0,,,2005-09-01
2005-10-01,,,,,,0.0,,,2005-10-01
2005-11-01,,,,,,0.0,,,2005-11-01
2005-12-01,,,,,,0.0,,,2005-12-01
2006-01-01,,,,,,0.0,,,2006-01-01
2006-02-01,,,,,,0.0,,,2006-02-01
2006-03-01,,,,,,0.0,,,2006-03-01
2006-04-01,,,,,,0.0,,,2006-04-01
2006-05-01,,,,,,0.0,,,2006-05-01
2006-06-01,,,,,,0.0,,,2006-06-01
2006-07-01,,,,,,0.0,,,2006-07-01
2006-08-01,,,,,,0.0,,,2006-08-01
2006-09-01,,,,,,0.0,,,2006-09-01
2006-10-01,,,,,,0.0,,,2006-10-01
2006-11-01,,,,,,0.0,,,2006-11-01
2006-12-01,,,,,,0.0,,,2006-12-01
2007-01-01,,,,,,0.0,,,2007-01-01
2007-02-01,,,,,,0.0,,,2007-02-01
2007-03-01,,,,,,0.0,,,2007-03-01
2007-04-01,,,,,,0.0,,,2007-04-01
2007-05-01,,,,,,0.0,,,2007-05-01
2007-06-01,,,,,,0.0,,,2007-06-01
2007-07-01,,,,,,0.0,,,2007-07-01
2007-08-01,,,,,,0.0,,,2007-08-01
2007-09-01,,,,,,0.0,,,2007-09-01
2007-10-01,,,,,,0.0,,,2007-10-01
2007-11-01,,,,,,0.0,,,2007-11-01
2007-12-01,,,,,,0.0,,,2007-12-01
2008-01-01,,,,,,1.0,,,2008-01-01
2008-02-01,,,,,,1.0,,,2008-02-01
2008-03-01,,,,,,1.0,,,2008-03-01
2008-04-01,,,,,,1.0,,,2008-04-01
2008-05-01,,,,,,1.0,,,2008-05-01
2008-06-01,,,,,,1.0,,,2008-06-01
2008-07-01,,,,,,1.0,,,2008-07-01
2008-08-01,,,,,,1.0,,,2008-08-01
2008-09-01,,,,,,1.0,,,2008-09-01
2008-10-01,,,,,,1.0,,,2008-10-01
2008-11-01,,,,,,1.0,,,2008-11-01
2008-12-01,,,,,,1.0,,,2008-12-01
2009-01-01,,,,,,1.0,,,2009-01-01
2009-02-01,,,,,,1.0,,,2009-02-01
2009-03-01,,,,,,1.0,,,2009-03-01
2009-04-01,,,,,,1.0,,,2009-04-01
2009-05-01,,,,,,1.0,,,2009-05-01
2009-06-01,,,,,,1.0,,,2009-06-01
2009-07-01,,,,,,0.0,,,2009-07-01
2009-08-01,,,,,,0.0,,,2009-08-01
2009-09-01,,,,,,0.0,,,2009-09-01
2009-10-01,,,,,,0.0,,,2009-10-01
2009-11-01,,,,,,0.0,,,2009-11-01
2009-12-01,,,,,,0.0,,,2009-12-01
2010-01-01,,,,,,0.0,,,2010-01-01
2010-02-01,,,,,,0.0,,,2010-02-01
2010-03-01,,,,,,0.0,,,2010-03-01
2010-04-01,,,,,,0.0,,,2010-04-01
2010-05-01,,,,,,0.0,,,2010-05-01
2010-06-01,,,,,,0.0,,,2010-06-01
2010-07-01,,,,,,0.0,,,2010-07-01
2010-08-01,,,,,,0.0,,,2010-08-01
2010-09-01,,,,,,0.0,,,2010-09-01
2010-10-01,,,,,,0.0,,,2010-10-01
2010-11-01,,,,,,0.0,,,2010-11-01
2010-12-01,,,,,,0.0,,,2010-12-01
2011-01-01,,,,,,0.0,,,2011-01-01
2011-02-01,,,,,,0.0,,,2011-02-01
2011-03-01,,,,,,0.0,,,2011-03-01
2011-04-01,,,,,,0.0,,,2011-04-01
2011-05-01,,,,,,0.0,,,2011-05-01
2011-06-01,,,,,,0.0,,,2011-06-01
2011-07-01,,,,,,0.0,,,2011-07-01
2011-08-01,,,,,,0.0,,,2011-08-01
2011-09-01,,,,,,0.0,,,2011-09-01
2011-10-01,,,,,,0.0,,,2011-10-01
2011-11-01,,,,,,0.0,,,2011-11-01
2011-12-01,,,,,,0.0,,,2011-12-01
2012-01-01,,,,,,0.0,,,2012-01-01
2012-02-01,,,,,,0.0,,,2012-02-01
2012-03-01,,,,,,0.0,,,2012-03-01
2012-04-01,,,,,,0.0,,,2012-04-01
2012-05-01,,,,,,0.0,,,2012-05-01
2012-06-01,,,,,,0.0,,,2012-06-01
2012-07-01,,,,,,0.0,,,2012-07-01
2012-08-01,,,,,,0.0,,,2012-08-01
2012-09-01,,,,,,0.0,,,2012-09-01
2012-10-01,,,,,,0.0,,,2012-10-01
2012-11-01,,,,,,0.0,,,2012-11-01
2012-12-01,,,,,,0.0,,,2012-12-01
2013-01-01,,,,,,0.0,,,2013-01-01
2013-02-01,,,,,,0.0,,,2013-02-01
2013-03-01,,,,,,0.0,,,2013-03-01
2013-04-01,,,,,,0.0,,,2013-04-01
2013-05-01,,,,,,0.0,,,2013-05-01
2013-06-01,,,,,,0.0,,,2013-06-01
2013-07-01,,,,,,0.0,,,2013-07-01
2013-08-01,,,,,,0.0,,,2013-08-01
2013-09-01,,,,,,0.0,,,2013-09-01
2013-10-01,,,,,,0.0,,,2013-10-01
2013-11-01,,,,,,0.0,,,2013-11-01
2013-12-01,,,,,,0.0,,,2013-12-01
2014-01-01,,,,,,0.0,,,2014-01-01
2014-02-01,,,,,,0.0,,,2014-02-01
2014-03-01,,,,,,0.0,,,2014-03-01
2014-04-01,,,,,,0.0,,,2014-04-01
2014-05-01,,,,,,0.0,,,2014-05-01
2014-06-01,,,,,,0.0,,,2014-06-01
2014-07-01,,,,,,0.0,,,2014-07-01
2014-08-01,,,,,,0.0,,,2014-08-01
2014-09-01,,,,,,0.0,,,2014-09-01
2014-10-01,,,,,,0.0,,,2014-10-01
2014-11-01,,,,,,0.0,,,2014-11-01
2014-12-01,,,,,,0.0,,,2014-12-01
2015-01-01,,,,,,0.0,,,2015-01-01
2015-02-01,,,,,,0.0,,,2015-02-01
2015-03-01,,,,,,0.0,,,2015-03-01
2015-04-01,,,,,,0.0,,,2015-04-01
2015-05-01,,,,,,0.0,,,2015-05-01
2015-06-01,,,,,,0.0,,,2015-06-01
2015-07-01,,,,,,0.0,,,2015-07-01
2015-08-01,,,,,,0.0,,,2015-08-01
2015-09-01,,,,,,0.0,,,2015-09-01
2015-10-01,,,,,,0.0,,,2015-10-01
2015-11-01,,,,,,0.0,,,2015-11-01
2015-12-01,,,,,,0.0,,,2015-12-01
2016-01-01,,,,,,0.0,,,2016-01-01
2016-02-01,,,,,,0.0,,,2016-02-01
2016-03-01,,,,,,0.0,,,2016-03-01
2016-04-01,,,,,,0.0,,,2016-04-01
2016-05-01,,,,,,0.0,,,2016-05-01
2016-06-01,,,,,,0.0,,,2016-06-01
2016-07-01,,,,,,0.0,,,2016-07-01
2016-08-01,,,,,,0.0,,,2016-08-01
2016-09-01,,,,,,0.0,,,2016-09-01
2016-10-01,,,,,,0.0,,,2016-10-01
2016-11-01,,,,,,0.0,,,2016-11-01
2016-12-01,,,,,,0.0,,,2016-12-01
2017-01-01,,,,,,0.0,,,2017-01-01
2017-02-01,,,,,,0.0,,,2017-02-01
2017-03-01,,,,,,0.0,,,2017-03-01
2017-04-01,,,,,,0.0,,,2017-04-01
2017-05-01,,,,,,0.0,,,2017-05-01
2017-06-01,,,,,,0.0,,,2017-06-01
2017-07-01,,,,,,0.0,,,2017-07-01
2017-08-01,,,,,,0.0,,,2017-08-01
2017-09-01,,,,,,0.0,,,2017-09-01
2017-10-01,,,,,,0.0,,,2017-10-01
2017-11-01,,,,,,0.0,,,2017-11-01
2017-12-01,,,,,,0.0,,,2017-12-01
2018-01-01,,,,,,0.0,,,2018-01-01
2018-02-01,,,,,,0.0,,,2018-02-01
2018-03-01,,,,,,0.0,,,2018-03-01
2018-04-01,,,,,,0.0,,,2018-04-01
2018-05-01,,,,,,0.0,,,2018-05-01
2018-06-01,,,,,,0.0,,,2018-06-01
2018-07-01,,,,,,0.0,,,2018-07-01
2018-08-01,,,,,,0.0,,,2018-08-01
2018-09-01,,,,,,0.0,,,2018-09-01
2018-10-01,,,,,,0.0,,,2018-10-01
2018-11-01,,,,,,0.0,,,2018-11-01
2018-12-01,,,,,,0.0,,,2018-12-01
2019-01-01,,,,,,0.0,,,2019-01-01
2019-02-01,,,,,,0.0,,,2019-02-01
2019-03-01,,,,,,0.0,,,2019-03-01
2019-04-01,,,,,,0.0,,,2019-04-01
2019-05-01,,,,,,0.0,,,2019-05-01
2019-06-01,,,,,,0.0,,,2019-06-01
2019-07-01,,,,,,0.0,,,2019-07-01
1946-01-01,,,,,,,,91.0,1946-01-01
1946-02-01,,,,,,,,82.0,1946-02-01
1946-03-01,,,,,,,,78.0,1946-03-01
1946-04-01,,,,,,,,82.0,1946-04-01
1946-05-01,,,,,,,,86.0,1946-05-01
1946-06-01,,,,,,,,81.0,1946-06-01
1946-07-01,,,,,,,,69.0,1946-07-01
1946-08-01,,,,,,,,71.0,1946-08-01
1946-09-01,,,,,,,,73.0,1946-09-01
1946-10-01,,,,,,,,60.0,1946-10-01
1946-11-01,,,,,,,,49.0,1946-11-01
1946-12-01,,,,,,,,38.0,1946-12-01
1947-01-01,,,11.2894,,,,,37.0,1947-01-01
1947-02-01,,,11.5179,,,,,42.0,1947-02-01
1947-03-01,,,11.7667,,,,,34.0,1947-03-01
1947-04-01,,,12.0269,,,,,25.0,1947-04-01
1947-05-01,,,12.2788,,,,,20.0,1947-05-01
1947-06-01,,,12.4832,,,,,24.0,1947-06-01
1947-07-01,,,12.78,,,,,22.0,1947-07-01
1947-08-01,,,13.0822,,,,,25.0,1947-08-01
1947-09-01,,,13.3523,,,,,30.0,1947-09-01
1947-10-01,,,13.6287,,,,,31.0,1947-10-01
1947-11-01,,,13.8998,,,,,38.0,1947-11-01
1947-12-01,,,14.2053,,,,,41.0,1947-12-01
1948-01-01,8.9,,14.4049,,,,,35.0,1948-01-01
1948-02-01,8.4,,14.5635,,,,,34.0,1948-02-01
1948-03-01,8.7,,14.7454,,,,,26.0,1948-03-01
1948-04-01,8.5,,14.9301,,,,,36.0,1948-04-01
1948-05-01,9.1,,15.0976,,,,,31.0,1948-05-01
1948-06-01,8.8,,15.2158,,,,,30.0,1948-06-01
1948-07-01,8.6,,15.2705,,,,,36.0,1948-07-01
1948-08-01,8.8,,15.212,,,,,36.0,1948-08-01
1948-09-01,8.5,,15.1478,,,,,38.0,1948-09-01
1948-10-01,9.5,,15.0945,,,,,38.0,1948-10-01
1948-11-01,7.8,,15.0462,,,,,32.0,1948-11-01
1948-12-01,8.1,,15.0348,,,,,17.0,1948-12-01
1949-01-01,8.2,,14.9254,,,,,16.0,1949-01-01
1949-02-01,8.3,,14.7874,,,,,12.0,1949-02-01
1949-03-01,8.3,,14.6621,,,,,10.0,1949-03-01
1949-04-01,8.8,,14.5149,,,,,14.0,1949-04-01
1949-05-01,9.1,,14.3455,,,,,12.0,1949-05-01
1949-06-01,10.0,,14.1386,,,,,12.0,1949-06-01
1949-07-01,10.8,,14.0212,,,,,22.0,1949-07-01
1949-08-01,11.0,,13.923,,,,,38.0,1949-08-01
1949-09-01,11.7,,13.8246,,,,,53.0,1949-09-01
1949-10-01,10.9,,13.7376,,,,,60.0,1949-10-01
1949-11-01,11.6,,13.6548,,,,,58.0,1949-11-01
1949-12-01,11.8,,13.5957,,,,,50.0,1949-12-01
1950-01-01,11.3,,13.6493,,,,,54.0,1950-01-01
1950-02-01,11.8,,13.7957,,,,,62.0,1950-02-01
1950-03-01,12.4,,13.9531,,,,,60.0,1950-03-01
1950-04-01,12.6,,14.1119,,,,,60.0,1950-04-01
1950-05-01,12.7,,14.2519,,,,,66.0,1950-05-01
1950-06-01,13.1,,14.388,,,,,64.0,1950-06-01
1950-07-01,12.5,,14.7712,,,,,88.0,1950-07-01
1950-08-01,12.2,,15.2975,,,,,94.0,1950-08-01
1950-09-01,12.2,,15.8075,,,,,96.0,1950-09-01
1950-10-01,12.3,,16.3104,,,,,88.0,1950-10-01
1950-11-01,10.7,,16.8092,,,,,87.0,1950-11-01
1950-12-01,10.7,,17.3061,,,,,84.0,1950-12-01
1951-01-01,10.6,,17.7542,,,,,84.0,1951-01-01
1951-02-01,10.8,,18.1862,,,,,85.0,1951-02-01
1951-03-01,10.1,,18.6363,,,,,74.0,1951-03-01
1951-04-01,10.6,,19.1031,,,,,58.0,1951-04-01
1951-05-01,9.9,,19.5512,,,,,46.0,1951-05-01
1951-06-01,8.7,,20.0031,,,,,38.0,1951-06-01
1951-07-01,9.2,,20.2509,,,,,34.0,1951-07-01
1951-08-01,9.1,,20.3672,,,,,38.0,1951-08-01
1951-09-01,9.1,,20.4775,,,,,50.0,1951-09-01
1951-10-01,8.9,,20.6053,,,,,50.0,1951-10-01
1951-11-01,9.7,,20.7329,,,,,34.0,1951-11-01
1951-12-01,9.3,,20.9657,,,,,31.0,1951-12-01
1952-01-01,9.3,,22.1319,,,,,28.0,1952-01-01
1952-02-01,8.8,,22.4316,,,,,22.0,1952-02-01
1952-03-01,8.4,,22.3763,,,,,18.0,1952-03-01
1952-04-01,9.0,,22.138,,,,,19.0,1952-04-01
1952-05-01,7.8,,21.9293,,,,,23.0,1952-05-01
1952-06-01,7.3,,22.0525,,,,,34.0,1952-06-01
1952-07-01,7.5,,22.1461,,,,,50.0,1952-07-01
1952-08-01,7.6,,22.3937,,,,,47.0,1952-08-01
1952-09-01,8.1,,22.6967,,,,,46.0,1952-09-01
1952-10-01,9.1,,23.0685,,,,,46.0,1952-10-01
1952-11-01,9.5,,23.4435,,,,,44.0,1952-11-01
1952-12-01,8.8,,23.23,,,,,40.0,1952-12-01
1953-01-01,9.3,,23.4687,,,,,37.0,1953-01-01
1953-02-01,8.4,,23.6226,,,,,37.0,1953-02-01
1953-03-01,8.5,,23.6983,,,,,40.0,1953-03-01
1953-04-01,7.8,,23.8228,,,,,38.0,1953-04-01
1953-05-01,7.9,,23.8827,,,,,36.0,1953-05-01
1953-06-01,8.2,,23.7607,,,,,34.0,1953-06-01
1953-07-01,7.9,,23.7782,,,,,30.0,1953-07-01
1953-08-01,8.0,,23.9951,,,,,30.0,1953-08-01
1953-09-01,7.1,,24.0138,,,,,25.0,1953-09-01
1953-10-01,7.2,,23.9825,,,,,22.0,1953-10-01
1953-11-01,7.9,,23.87,,,,,20.0,1953-11-01
1953-12-01,8.0,,23.1686,,,,,20.0,1953-12-01
1954-01-01,8.7,,23.0112,,,,,21.0,1954-01-01
1954-02-01,9.5,,22.952,,,,,24.0,1954-02-01
1954-03-01,10.6,,22.927,,,,,27.0,1954-03-01
1954-04-01,10.9,,22.7987,,,,,30.0,1954-04-01
1954-05-01,11.6,,22.6694,,,,,35.0,1954-05-01
1954-06-01,12.3,,22.5139,,,,,36.0,1954-06-01
1954-07-01,12.5,,22.439,,,,,40.0,1954-07-01
1954-08-01,12.8,,22.4422,,,,,41.0,1954-08-01
1954-09-01,12.9,,22.4805,,,,,47.0,1954-09-01
1954-10-01,13.3,,22.5787,,,,,53.0,1954-10-01
1954-11-01,13.2,,22.6956,,,,,52.0,1954-11-01
1954-12-01,13.4,,22.5382,,,,,50.0,1954-12-01
1955-01-01,13.4,,22.8036,,,,,54.0,1955-01-01
1955-02-01,14.2,,22.9901,,,,,60.0,1955-02-01
1955-03-01,13.4,,23.1876,,,,,66.0,1955-03-01
1955-04-01,14.3,,23.3723,,,,,71.0,1955-04-01
1955-05-01,14.4,,23.7085,,,,,70.0,1955-05-01
1955-06-01,13.4,,24.1102,,,,,65.0,1955-06-01
1955-07-01,13.8,,24.5263,,,,,70.0,1955-07-01
1955-08-01,12.3,,24.963,,,,,72.0,1955-08-01
1955-09-01,11.7,,25.3672,,,,,72.0,1955-09-01
1955-10-01,11.5,,25.7546,,,,,72.0,1955-10-01
1955-11-01,11.3,,26.4404,,,,,66.0,1955-11-01
1955-12-01,12.0,,26.7161,,,,,56.0,1955-12-01
1956-01-01,11.7,,27.1736,,,,,48.0,1956-01-01
1956-02-01,12.5,,27.6564,,,,,46.0,1956-02-01
1956-03-01,11.6,,28.5289,,,,,49.0,1956-03-01
1956-04-01,11.0,,29.285,,,,,50.0,1956-04-01
1956-05-01,10.4,,29.6299,,,,,39.0,1956-05-01
1956-06-01,10.1,,30.263,,,,,40.0,1956-06-01
1956-07-01,10.5,,30.7252,,,,,56.0,1956-07-01
1956-08-01,12.0,,31.0855,,,,,52.0,1956-08-01
1956-09-01,11.8,,31.4451,,,,,47.0,1956-09-01
1956-10-01,11.6,,31.8895,,,,,44.0,1956-10-01
1956-11-01,10.9,,32.2609,,,,,46.0,1956-11-01
1956-12-01,11.4,,32.473,,,,,36.0,1956-12-01
1957-01-01,10.4,,32.687,,,,,33.0,1957-01-01
1957-02-01,10.7,,32.6895,,,,,28.0,1957-02-01
1957-03-01,10.8,,33.0407,,,,,25.0,1957-03-01
1957-04-01,10.6,,33.3856,,,,,28.0,1957-04-01
1957-05-01,10.4,,33.6362,,,,,30.0,1957-05-01
1957-06-01,10.2,,34.0596,,,,,29.0,1957-06-01
1957-07-01,10.1,,34.3749,,,,,38.0,1957-07-01
1957-08-01,10.5,,34.5961,,,,,34.0,1957-08-01
1957-09-01,9.8,,34.5474,,,,,32.0,1957-09-01
1957-10-01,11.1,,34.4197,,,,,36.0,1957-10-01
1957-11-01,10.4,,34.3325,,,,,29.0,1957-11-01
1957-12-01,10.4,,33.8853,,,,,25.0,1957-12-01
1958-01-01,10.5,,34.6988,,,,,28.0,1958-01-01
1958-02-01,11.0,,34.8623,,,,,28.0,1958-02-01
1958-03-01,11.2,,34.7528,,,,,32.0,1958-03-01
1958-04-01,12.1,,34.5718,,,,,34.0,1958-04-01
1958-05-01,13.1,,34.4375,,,,,38.0,1958-05-01
1958-06-01,14.4,,34.2718,,,,,38.0,1958-06-01
1958-07-01,14.6,,34.1831,,,,,44.0,1958-07-01
1958-08-01,15.7,,34.3612,,,,,49.0,1958-08-01
1958-09-01,16.5,,34.5237,,,,,57.0,1958-09-01
1958-10-01,16.5,,34.7518,,,,,58.0,1958-10-01
1958-11-01,16.4,,34.9156,,,,,58.0,1958-11-01
1958-12-01,15.7,,34.9489,,,,,52.0,1958-12-01
1959-01-01,16.3,,35.213,,,,,58.0,1959-01-01
1959-02-01,15.5,,35.2201,,,,,62.0,1959-02-01
1959-03-01,15.3,,35.1304,,,,,62.0,1959-03-01
1959-04-01,14.9,,35.5581,,,,,62.0,1959-04-01
1959-05-01,14.7,,36.3064,,,,,62.0,1959-05-01
1959-06-01,14.9,,37.1404,,,,,62.0,1959-06-01
1959-07-01,14.3,,37.6645,,,,,60.0,1959-07-01
1959-08-01,13.7,,38.089,,,,,62.0,1959-08-01
1959-09-01,13.7,,38.2605,,,,,64.0,1959-09-01
1959-10-01,12.9,,38.4113,,,,,64.0,1959-10-01
1959-11-01,13.1,,38.6978,,,,,56.0,1959-11-01
1959-12-01,13.1,,39.2932,,,,,50.0,1959-12-01
1960-01-01,13.5,,39.6291,,1092.0,,,44.0,1960-01-01
1960-02-01,13.1,,39.7872,,1088.0,,,30.0,1960-02-01
1960-03-01,13.0,,40.018,,955.0,,,27.0,1960-03-01
1960-04-01,12.6,,40.5152,,1016.0,,,28.0,1960-04-01
1960-05-01,11.9,,40.8926,,1052.0,,,32.0,1960-05-01
1960-06-01,11.9,,41.3564,,958.0,,,34.0,1960-06-01
1960-07-01,12.6,,41.3958,,999.0,,,36.0,1960-07-01
1960-08-01,12.2,,41.3249,,994.0,,,40.0,1960-08-01
1960-09-01,12.9,,41.4006,,984.0,,,41.0,1960-09-01
1960-10-01,13.5,,41.5247,,972.0,,,39.0,1960-10-01
1960-11-01,13.9,,41.6827,,979.0,,,38.0,1960-11-01
1960-12-01,12.4,,42.1051,,951.0,,,38.0,1960-12-01
1961-01-01,13.7,,42.0358,,969.0,,,38.0,1961-01-01
1961-02-01,13.6,,41.9503,,961.0,,,40.0,1961-02-01
1961-03-01,14.1,,42.0518,,1000.0,,,40.0,1961-03-01
1961-04-01,15.5,,42.2127,,1002.0,,,47.0,1961-04-01
1961-05-01,15.6,,42.1342,,1027.0,,,48.0,1961-05-01
1961-06-01,16.2,,42.4519,,1070.0,,,48.0,1961-06-01
1961-07-01,17.3,,42.5813,,1083.0,,,49.0,1961-07-01
1961-08-01,17.0,,42.6567,,1159.0,,,52.0,1961-08-01
1961-09-01,16.1,,42.7707,,1098.0,,,55.0,1961-09-01
1961-10-01,15.9,,42.9778,,1123.0,,,55.0,1961-10-01
1961-11-01,17.0,,43.1337,,1152.0,,,51.0,1961-11-01
1961-12-01,15.8,,43.7997,,1161.0,,,53.0,1961-12-01
1962-01-01,15.3,,43.9853,,1122.0,,,56.0,1962-01-01
1962-02-01,16.0,,43.8688,,1194.0,,,56.0,1962-02-01
1962-03-01,15.0,,44.1012,,1134.0,,,55.0,1962-03-01
1962-04-01,14.9,,44.5398,,1235.0,,,48.0,1962-04-01
1962-05-01,15.5,,44.8413,,1142.0,,,46.0,1962-05-01
1962-06-01,15.1,,45.5419,,1154.0,,,42.0,1962-06-01
1962-07-01,14.6,,45.7268,,1189.0,,,44.0,1962-07-01
1962-08-01,14.5,,45.9234,,1200.0,,,44.0,1962-08-01
1962-09-01,14.1,,46.3736,,1223.0,,,48.0,1962-09-01
1962-10-01,14.1,,46.8487,,1181.0,,,48.0,1962-10-01
1962-11-01,13.3,,47.1998,,1236.0,,,48.0,1962-11-01
1962-12-01,13.6,,47.4376,,1236.0,,,48.0,1962-12-01
1963-01-01,13.8,,47.6623,,1248.0,,,50.0,1963-01-01
1963-02-01,14.1,,47.8294,,1212.0,,,52.0,1963-02-01
1963-03-01,14.5,,47.9739,,1258.0,,,54.0,1963-03-01
1963-04-01,14.5,,48.3917,,1288.0,,,60.0,1963-04-01
1963-05-01,14.5,,48.649,,1350.0,,,58.0,1963-05-01
1963-06-01,14.0,,49.2469,,1345.0,,,54.0,1963-06-01
1963-07-01,14.0,,49.4664,,1321.0,,,42.0,1963-07-01
1963-08-01,13.9,,49.4768,,1310.0,,,48.0,1963-08-01
1963-09-01,14.2,,49.8225,,1413.0,,,52.0,1963-09-01
1963-10-01,13.9,,50.4111,,1414.0,,,48.0,1963-10-01
1963-11-01,13.3,,51.2382,,1357.0,,,48.0,1963-11-01
1963-12-01,13.3,,52.1741,,1423.0,,,46.0,1963-12-01
1964-01-01,13.5,,52.4186,,1296.0,,,55.0,1964-01-01
1964-02-01,13.2,,52.5482,,1442.0,,,54.0,1964-02-01
1964-03-01,13.5,,52.7139,,1313.0,,,60.0,1964-03-01
1964-04-01,12.4,,53.229,,1264.0,,,60.0,1964-04-01
1964-05-01,13.6,,53.7445,,1299.0,,,63.0,1964-05-01
1964-06-01,13.6,,54.2937,,1280.0,,,55.0,1964-06-01
1964-07-01,14.7,,54.7159,,1304.0,,,59.0,1964-07-01
1964-08-01,13.0,,55.1046,,1306.0,,,65.0,1964-08-01
1964-09-01,12.7,,55.7749,,1265.0,,,74.0,1964-09-01
1964-10-01,12.6,,56.2908,,1230.0,,,72.0,1964-10-01
1964-11-01,14.0,,56.8628,,1254.0,,,70.0,1964-11-01
1964-12-01,12.7,,58.3481,,1164.0,,,66.0,1964-12-01
1965-01-01,12.2,,59.241,,1264.0,,,68.0,1965-01-01
1965-02-01,12.6,,60.0693,,1185.0,,,72.0,1965-02-01
1965-03-01,12.0,,61.1489,,1211.0,,,66.0,1965-03-01
1965-04-01,11.4,,62.1331,,1162.0,,,72.0,1965-04-01
1965-05-01,11.1,,62.925,,1207.0,,,70.0,1965-05-01
1965-06-01,11.6,,64.1511,,1241.0,,,66.0,1965-06-01
1965-07-01,11.6,,64.8904,,1237.0,,,62.0,1965-07-01
1965-08-01,11.9,,65.4792,,1249.0,,,64.0,1965-08-01
1965-09-01,11.9,,66.3883,,1227.0,,,62.0,1965-09-01
1965-10-01,12.1,,67.05,,1279.0,,,60.0,1965-10-01
1965-11-01,11.7,,67.754,,1306.0,,,66.0,1965-11-01
1965-12-01,11.4,,69.1577,,1315.0,,,72.0,1965-12-01
1966-01-01,11.9,,69.9831,,1325.0,,,74.0,1966-01-01
1966-02-01,11.2,,70.683,,1159.0,,,85.0,1966-02-01
1966-03-01,11.1,,71.521,,1234.0,,,86.0,1966-03-01
1966-04-01,10.8,,72.3728,,1145.0,,,82.0,1966-04-01
1966-05-01,10.2,,73.3273,,1078.0,,,75.0,1966-05-01
1966-06-01,9.7,,75.3919,,956.0,,,69.0,1966-06-01
1966-07-01,9.7,,76.7826,,932.0,,,70.0,1966-07-01
1966-08-01,9.8,,76.9939,,877.0,,,73.0,1966-08-01
1966-09-01,10.1,,77.4883,,774.0,,,72.0,1966-09-01
1966-10-01,10.3,,78.0104,,739.0,,,70.0,1966-10-01
1966-11-01,9.7,,78.3726,,736.0,,,64.0,1966-11-01
1966-12-01,9.5,,78.976,,743.0,,,57.0,1966-12-01
1967-01-01,9.3,,79.274,,995.0,,,48.0,1967-01-01
1967-02-01,9.2,,79.558,,907.0,,,51.0,1967-02-01
1967-03-01,8.9,,80.1231,,955.0,,,,1967-03-01
1967-04-01,8.8,,81.185,,1035.0,,,,1967-04-01
1967-05-01,8.7,,81.6022,,1076.0,,,,1967-05-01
1967-06-01,8.3,,82.6929,,1169.0,,,,1967-06-01
1967-07-01,8.3,,83.7351,,1177.0,,,,1967-07-01
1967-08-01,8.9,,83.5123,,1229.0,,,,1967-08-01
1967-09-01,8.4,,83.7365,,1279.0,,,,1967-09-01
1967-10-01,8.7,,84.1043,,1280.0,,,,1967-10-01
1967-11-01,8.9,,84.5959,,1297.0,,,,1967-11-01
1967-12-01,8.6,,86.1397,,1315.0,,,,1967-12-01
1968-01-01,9.4,,86.5509,,1179.0,,,,1968-01-01
1968-02-01,8.7,,86.5981,,1342.0,,,,1968-02-01
1968-03-01,8.5,,87.114,,1370.0,,,,1968-03-01
1968-04-01,8.7,,88.421,,1286.0,,,,1968-04-01
1968-05-01,8.2,,88.9726,,1297.0,,,,1968-05-01
1968-06-01,7.9,,89.9295,,1300.0,,,,1968-06-01
1968-07-01,8.4,,91.0358,,1344.0,,,,1968-07-01
1968-08-01,8.3,,91.2381,,1357.0,,,,1968-08-01
1968-09-01,8.2,,91.8452,,1464.0,,,,1968-09-01
1968-10-01,8.4,,92.8125,,1421.0,,,,1968-10-01
1968-11-01,8.1,,94.47,,1436.0,,,,1968-11-01
1968-12-01,8.2,,96.2065,,1389.0,,,,1968-12-01
1969-01-01,8.1,,97.1481,,1459.0,,,,1969-01-01
1969-02-01,7.9,,98.2963,,1495.0,,,,1969-02-01
1969-03-01,7.9,,99.2383,,1438.0,,,,1969-03-01
1969-04-01,7.9,,100.7715,,1441.0,,,,1969-04-01
1969-05-01,7.9,,101.9454,,1328.0,,,,1969-05-01
1969-06-01,7.7,,102.5404,,1349.0,,,,1969-06-01
1969-07-01,7.8,,103.0557,,1278.0,,,,1969-07-01
1969-08-01,7.9,,103.3067,,1317.0,,,,1969-08-01
1969-09-01,8.0,,103.8176,,1263.0,,,,1969-09-01
1969-10-01,7.6,,104.3372,,1216.0,,,,1969-10-01
1969-11-01,8.0,,105.1854,,1191.0,,,,1969-11-01
1969-12-01,8.0,,106.5979,,1155.0,,,,1969-12-01
1970-01-01,7.9,,106.2979,,1062.0,,,,1970-01-01
1970-02-01,8.0,,105.6953,,1118.0,,,,1970-02-01
1970-03-01,8.3,,105.4128,,1132.0,,,,1970-03-01
1970-04-01,8.2,,105.6766,,1224.0,,,,1970-04-01
1970-05-01,8.6,,106.0118,,1328.0,,,,1970-05-01
1970-06-01,8.6,,106.8358,,1322.0,,,,1970-06-01
1970-07-01,8.9,,107.677,,1324.0,,,,1970-07-01
1970-08-01,8.8,,108.5407,,1394.0,,,,1970-08-01
1970-09-01,8.9,,109.5289,,1426.0,,,,1970-09-01
1970-10-01,8.7,,109.774,,1564.0,,,,1970-10-01
1970-11-01,9.3,,110.1744,,1502.0,,,,1970-11-01
1970-12-01,9.8,,111.3578,,1767.0,,,,1970-12-01
1971-01-01,10.5,,111.5479,,1643.0,,,,1971-01-01
1971-02-01,10.4,,111.8951,,1588.0,,,,1971-02-01
1971-03-01,10.6,,111.9877,,1759.0,,,,1971-03-01
1971-04-01,10.9,,112.1496,,1745.0,,,,1971-04-01
1971-05-01,11.2,,113.0615,,1972.0,,,,1971-05-01
1971-06-01,11.6,,114.1265,,1903.0,,,,1971-06-01
1971-07-01,11.5,,114.3772,,2069.0,,,,1971-07-01
1971-08-01,11.5,,115.6802,,2004.0,,,,1971-08-01
1971-09-01,11.9,,116.6745,,1996.0,,,,1971-09-01
1971-10-01,12.6,,117.268,,2026.0,,,,1971-10-01
1971-11-01,12.0,,117.8104,,2079.0,,,,1971-11-01
1971-12-01,11.5,,117.7961,,2133.0,,,,1971-12-01
1972-01-01,12.1,,118.1645,,2238.0,,,,1972-01-01
1972-02-01,12.4,,118.8982,,2169.0,,,,1972-02-01
1972-03-01,12.3,,119.691,,2105.0,,,,1972-03-01
1972-04-01,12.4,,121.2319,,2139.0,,,,1972-04-01
1972-05-01,12.3,,122.692,,2067.0,,,,1972-05-01
1972-06-01,12.4,,123.7672,,2183.0,,,,1972-06-01
1972-07-01,11.8,,124.6817,,2195.0,,,,1972-07-01
1972-08-01,11.8,,126.0083,,2263.0,,,,1972-08-01
1972-09-01,12.1,,126.9574,,2393.0,,,,1972-09-01
1972-10-01,11.7,,129.0908,,2354.0,,,,1972-10-01
1972-11-01,11.4,,131.5901,,2234.0,,,,1972-11-01
1972-12-01,11.4,,133.1093,,2419.0,,,,1972-12-01
1973-01-01,11.0,,135.4135,,2271.0,,,,1973-01-01
1973-02-01,10.5,,140.7983,,2226.0,,,,1973-02-01
1973-03-01,10.6,,144.9576,,2062.0,,,,1973-03-01
1973-04-01,10.0,,147.5343,,1908.0,,,,1973-04-01
1973-05-01,10.1,,149.9659,,1931.0,,,,1973-05-01
1973-06-01,9.6,,152.8292,,2051.0,,,,1973-06-01
1973-07-01,9.6,,155.3291,,1819.0,,,,1973-07-01
1973-08-01,9.8,,158.0681,,1809.0,,,,1973-08-01
1973-09-01,9.4,,158.5066,,1704.0,,,,1973-09-01
1973-10-01,10.2,,159.1694,,1411.0,,,,1973-10-01
1973-11-01,9.9,,159.9353,,1402.0,,,,1973-11-01
1973-12-01,9.5,,161.2113,,1288.0,,,,1973-12-01
1974-01-01,9.5,,163.0226,,1331.0,,,,1974-01-01
1974-02-01,9.6,,164.772,,1360.0,,,,1974-02-01
1974-03-01,9.7,,168.8168,,1440.0,,,,1974-03-01
1974-04-01,9.8,,174.9909,,1254.0,,,,1974-04-01
1974-05-01,9.6,,177.6309,,1138.0,,,,1974-05-01
1974-06-01,9.7,,180.1082,,1086.0,,,,1974-06-01
1974-07-01,9.9,,183.9873,,1002.0,,,,1974-07-01
1974-08-01,9.8,,186.3819,,917.0,,,,1974-08-01
1974-09-01,9.6,,187.9941,,840.0,,,,1974-09-01
1974-10-01,9.9,,189.2302,,824.0,,,,1974-10-01
1974-11-01,9.6,,190.4047,,783.0,,,,1974-11-01
1974-12-01,10.1,,191.2761,,869.0,,,,1974-12-01
1975-01-01,10.7,,191.5869,,726.0,,,,1975-01-01
1975-02-01,11.7,,190.3805,,729.0,,,,1975-02-01
1975-03-01,11.8,,188.1191,,709.0,,,,1975-03-01
1975-04-01,12.9,,187.4109,,866.0,,,,1975-04-01
1975-05-01,13.4,,186.074,,914.0,,,,1975-05-01
1975-06-01,15.3,,184.638,,946.0,,,,1975-06-01
1975-07-01,15.0,,183.651,,1020.0,,,,1975-07-01
1975-08-01,15.6,,182.9282,,994.0,,,,1975-08-01
1975-09-01,16.1,,182.822,,1064.0,,,,1975-09-01
1975-10-01,15.4,,182.7142,,1096.0,,,,1975-10-01
1975-11-01,16.6,,182.6189,,1110.0,,,,1975-11-01
1975-12-01,16.5,,183.3586,,1091.0,,,,1975-12-01
1976-01-01,16.6,,182.6481,,1195.0,,,,1976-01-01
1976-02-01,16.3,,182.0444,,1190.0,,,,1976-02-01
1976-03-01,16.5,,179.4877,,1164.0,,,,1976-03-01
1976-04-01,15.9,,177.4755,,1132.0,,,,1976-04-01
1976-05-01,15.0,,178.4326,,1194.0,,,,1976-05-01
1976-06-01,16.9,,179.102,,1188.0,,,,1976-06-01
1976-07-01,15.7,,179.1423,,1245.0,,,,1976-07-01
1976-08-01,15.6,,179.7949,,1309.0,,,,1976-08-01
1976-09-01,15.2,,181.1732,,1481.0,,,,1976-09-01
1976-10-01,15.2,,182.4383,,1425.0,,,,1976-10-01
1976-11-01,15.3,,183.9005,,1531.0,,,,1976-11-01
1976-12-01,15.1,,185.2478,,1511.0,,,,1976-12-01
1977-01-01,15.2,,185.7874,,1466.0,,,,1977-01-01
1977-02-01,14.7,,187.4113,,1560.0,,,,1977-02-01
1977-03-01,14.5,,189.1547,,1660.0,,,,1977-03-01
1977-04-01,14.4,,190.2948,,1660.0,,,,1977-04-01
1977-05-01,14.9,,191.7797,,1668.0,,,,1977-05-01
1977-06-01,14.4,,193.5548,,1752.0,,,,1977-06-01
1977-07-01,14.3,,195.1835,,1687.0,,,,1977-07-01
1977-08-01,13.9,,197.4881,,1780.0,,,,1977-08-01
1977-09-01,14.0,,198.9991,,1674.0,,,,1977-09-01
1977-10-01,13.7,,201.2545,,1758.0,,,,1977-10-01
1977-11-01,13.6,,202.9397,,1771.0,,,,1977-11-01
1977-12-01,13.6,,204.6774,,1754.0,,,,1977-12-01
1978-01-01,12.9,,207.2931,,1740.0,,,,1978-01-01
1978-02-01,12.5,,210.259,,1736.0,,,,1978-02-01
1978-03-01,12.4,,213.6058,,1799.0,,,,1978-03-01
1978-04-01,12.3,,216.9979,,1948.0,,,,1978-04-01
1978-05-01,12.1,,220.4005,,1766.0,,,,1978-05-01
1978-06-01,12.1,,223.4759,,1983.0,,,,1978-06-01
1978-07-01,12.0,,226.2258,,1786.0,,,,1978-07-01
1978-08-01,11.4,,228.3623,,1691.0,,,,1978-08-01
1978-09-01,11.4,,230.5011,,1751.0,,,,1978-09-01
1978-10-01,11.7,,232.9249,,1781.0,,,,1978-10-01
1978-11-01,11.1,,235.8062,,1795.0,,,,1978-11-01
1978-12-01,10.6,,237.2394,,1818.0,,,,1978-12-01
1979-01-01,11.1,,239.757,,1461.0,,,,1979-01-01
1979-02-01,11.2,,243.8766,,1492.0,,,,1979-02-01
1979-03-01,11.7,,247.8933,,1720.0,,,,1979-03-01
1979-04-01,11.0,,253.7609,,1597.0,,,,1979-04-01
1979-05-01,11.1,,258.7349,,1684.0,,,,1979-05-01
1979-06-01,10.4,,263.4815,,1640.0,,,,1979-06-01
1979-07-01,10.3,,267.8631,,1534.0,,,,1979-07-01
1979-08-01,10.6,,270.6452,,1591.0,,,,1979-08-01
1979-09-01,10.5,,274.3761,,1638.0,,,,1979-09-01
1979-10-01,10.5,,276.1506,,1481.0,,,,1979-10-01
1979-11-01,10.6,,277.2382,,1276.0,,,,1979-11-01
1979-12-01,10.8,,279.7257,,1254.0,,,,1979-12-01
1980-01-01,10.4,,281.8501,,1280.0,,,,1980-01-01
1980-02-01,10.6,,285.6731,,1199.0,,,,1980-02-01
1980-03-01,11.0,,289.3844,,988.0,,,,1980-03-01
1980-04-01,11.4,,290.6018,,808.0,,,,1980-04-01
1980-05-01,10.9,,287.8784,,861.0,,,,1980-05-01
1980-06-01,11.3,,287.0378,,1118.0,,,,1980-06-01
1980-07-01,11.8,,288.0583,,1259.0,,,,1980-07-01
1980-08-01,12.4,,291.4491,,1367.0,,,,1980-08-01
1980-09-01,12.9,,294.7925,,1484.0,,,,1980-09-01
1980-10-01,13.1,,299.9573,,1366.0,,,,1980-10-01
1980-11-01,13.6,,307.3743,,1383.0,,,,1980-11-01
1980-12-01,13.7,,312.0383,,1249.0,,,,1980-12-01
1981-01-01,14.3,,312.4522,,1221.0,,,,1981-01-01
1981-02-01,14.1,,313.117,,1199.0,,,,1981-02-01
1981-03-01,14.0,,314.3933,,1183.0,,,,1981-03-01
1981-04-01,13.9,,318.5024,,1190.0,,,,1981-04-01
1981-05-01,13.6,,324.08,,1173.0,,,,1981-05-01
1981-06-01,13.7,,328.1726,,976.0,,,,1981-06-01
1981-07-01,13.8,,331.8571,,935.0,,,,1981-07-01
1981-08-01,14.4,,336.523,,889.0,,,,1981-08-01
1981-09-01,13.6,,338.1155,,847.0,,,,1981-09-01
1981-10-01,13.5,,341.1989,,731.0,,,,1981-10-01
1981-11-01,13.1,,345.5088,,748.0,,,,1981-11-01
1981-12-01,13.1,,350.3077,,796.0,,,,1981-12-01
1982-01-01,13.4,,354.8455,,794.0,,,,1982-01-01
1982-02-01,14.1,,360.7137,,808.0,,,,1982-02-01
1982-03-01,14.1,,363.9746,,891.0,,,,1982-03-01
1982-04-01,14.5,,371.0565,,888.0,,,,1982-04-01
1982-05-01,14.9,,375.9823,,953.0,,,,1982-05-01
1982-06-01,15.7,,380.5642,,913.0,,,,1982-06-01
1982-07-01,15.4,,384.0437,,1044.0,,,,1982-07-01
1982-08-01,16.2,,385.8593,,926.0,,,,1982-08-01
1982-09-01,16.6,,391.0385,,1042.0,,,,1982-09-01
1982-10-01,17.2,,392.3917,,1149.0,,,,1982-10-01
1982-11-01,17.1,,391.9751,,1229.0,,,,1982-11-01
1982-12-01,18.1,,392.0419,,1351.0,,,,1982-12-01
1983-01-01,19.4,,393.1864,,1426.0,,,,1983-01-01
1983-02-01,19.2,,393.3556,,1471.0,,,,1983-02-01
1983-03-01,19.4,,393.8048,,1475.0,,,,1983-03-01
1983-04-01,19.5,,392.4259,,1566.0,,,,1983-04-01
1983-05-01,20.5,,391.4906,,1669.0,,,,1983-05-01
1983-06-01,20.8,,393.8395,,1769.0,,,,1983-06-01
1983-07-01,21.2,,397.7945,,1795.0,,,,1983-07-01
1983-08-01,20.0,,401.5866,,1713.0,,,,1983-08-01
1983-09-01,20.2,,402.529,,1585.0,,,,1983-09-01
1983-10-01,20.2,,405.7486,,1716.0,,,,1983-10-01
1983-11-01,19.7,,409.6174,,1668.0,,,,1983-11-01
1983-12-01,19.2,,413.9404,,1627.0,,,,1983-12-01
1984-01-01,20.4,,415.6054,,1816.0,,,,1984-01-01
1984-02-01,19.0,,423.5808,,1987.0,,,,1984-02-01
1984-03-01,19.1,,430.9463,,1725.0,,,,1984-03-01
1984-04-01,18.9,,437.8374,,1776.0,,,,1984-04-01
1984-05-01,18.8,,446.3183,,1741.0,,,,1984-05-01
1984-06-01,18.1,,450.9723,,1814.0,,,,1984-06-01
1984-07-01,18.0,,455.8009,,1605.0,,,,1984-07-01
1984-08-01,17.3,,458.7925,,1530.0,,,,1984-08-01
1984-09-01,17.0,,461.9148,,1523.0,,,,1984-09-01
1984-10-01,16.7,,466.3545,,1490.0,,,,1984-10-01
1984-11-01,17.0,,470.9618,,1643.0,,,,1984-11-01
1984-12-01,16.8,,473.3524,,1626.0,,,,1984-12-01
1985-01-01,15.9,,472.9554,,1660.0,,,,1985-01-01
1985-02-01,15.9,,475.5103,,1662.0,,,,1985-02-01
1985-03-01,16.1,,480.1707,,1727.0,,,,1985-03-01
1985-04-01,16.4,,479.0361,,1664.0,,,,1985-04-01
1985-05-01,15.3,,480.7654,,1709.0,,,,1985-05-01
1985-06-01,15.5,,482.2738,,1716.0,,,,1985-06-01
1985-07-01,15.5,,487.0751,,1697.0,,,,1985-07-01
1985-08-01,15.3,,489.883,,1808.0,,,,1985-08-01
1985-09-01,15.3,,494.4002,,1916.0,,,,1985-09-01
1985-10-01,15.3,,493.2056,,1743.0,,,,1985-10-01
1985-11-01,15.7,,497.0843,,1692.0,,,,1985-11-01
1985-12-01,15.1,,498.9112,,1794.0,,,,1985-12-01
1986-01-01,14.8,,500.4011,,1847.0,,,,1986-01-01
1986-02-01,15.2,,500.8156,,1767.0,,,,1986-02-01
1986-03-01,14.6,,505.3787,,1780.0,,,,1986-03-01
1986-04-01,14.7,,507.6353,,1858.0,,,,1986-04-01
1986-05-01,14.7,,507.9165,,1797.0,,,,1986-05-01
1986-06-01,15.2,,511.2105,,1790.0,,,,1986-06-01
1986-07-01,15.2,,513.0241,,1780.0,,,,1986-07-01
1986-08-01,15.5,,515.0839,,1726.0,,,,1986-08-01
1986-09-01,15.4,,517.6907,,1686.0,,,,1986-09-01
1986-10-01,15.2,,517.5429,,1675.0,,,,1986-10-01
1986-11-01,15.0,,523.8546,,1644.0,,,,1986-11-01
1986-12-01,15.0,,539.2405,,1903.0,,,,1986-12-01
1987-01-01,14.9,,548.7835,,1690.0,,,,1987-01-01
1987-02-01,14.7,,546.9598,,1689.0,,,,1987-02-01
1987-03-01,14.9,,548.3291,,1704.0,,,,1987-03-01
1987-04-01,14.8,,549.5211,,1601.0,,,,1987-04-01
1987-05-01,14.9,,551.5366,,1500.0,,,,1987-05-01
1987-06-01,14.9,,554.5086,,1522.0,,,,1987-06-01
1987-07-01,14.2,,553.4365,,1516.0,,,,1987-07-01
1987-08-01,14.4,,554.1078,,1511.0,,,,1987-08-01
1987-09-01,14.2,,561.3184,,1514.0,,,,1987-09-01
1987-10-01,14.0,,563.0673,,1447.0,,,,1987-10-01
1987-11-01,14.0,,562.5105,,1457.0,,,,1987-11-01
1987-12-01,14.2,,565.149,,1345.0,,,,1987-12-01
1988-01-01,14.2,,567.0717,,1244.0,,,,1988-01-01
1988-02-01,14.4,,568.2573,,1438.0,,,,1988-02-01
1988-03-01,13.7,,571.3809,,1525.0,,,,1988-03-01
1988-04-01,13.3,,577.3888,,1429.0,,,,1988-04-01
1988-05-01,13.8,,583.8109,,1444.0,,,,1988-05-01
1988-06-01,13.1,,588.9871,,1485.0,,,,1988-06-01
1988-07-01,13.4,,593.942,,1439.0,,,,1988-07-01
1988-08-01,13.6,,594.5317,,1460.0,,,,1988-08-01
1988-09-01,13.6,,595.4634,,1436.0,,,,1988-09-01
1988-10-01,13.4,,599.0292,,1516.0,,,,1988-10-01
1988-11-01,12.6,,601.063,,1508.0,,,,1988-11-01
1988-12-01,12.9,,604.6483,,1501.0,,,,1988-12-01
1989-01-01,12.6,,606.2756,,1466.0,,,,1989-01-01
1989-02-01,12.4,,617.0983,,1383.0,,,,1989-02-01
1989-03-01,12.3,,616.4861,,1214.0,,,,1989-03-01
1989-04-01,12.5,,619.041,,1376.0,,,,1989-04-01
1989-05-01,12.0,,624.2982,,1381.0,,,,1989-05-01
1989-06-01,11.1,,624.2633,,1322.0,,,,1989-06-01
1989-07-01,11.8,,631.0131,,1283.0,,,,1989-07-01
1989-08-01,11.4,,635.2476,,1334.0,,,,1989-08-01
1989-09-01,11.5,,637.1711,,1314.0,,,,1989-09-01
1989-10-01,11.9,,639.3482,,1365.0,,,,1989-10-01
1989-11-01,11.7,,639.6836,,1344.0,,,,1989-11-01
1989-12-01,11.6,,637.6122,,1422.0,,,,1989-12-01
1990-01-01,11.8,,635.7502,,1748.0,,,,1990-01-01
1990-02-01,11.6,,636.533,,1329.0,,,,1990-02-01
1990-03-01,11.7,,638.3617,,1246.0,,,,1990-03-01
1990-04-01,11.8,,640.8471,,1136.0,,,,1990-04-01
1990-05-01,11.7,,639.7487,,1067.0,,,,1990-05-01
1990-06-01,11.6,,641.5267,,1108.0,,,,1990-06-01
1990-07-01,11.9,,639.904,,1078.0,,,,1990-07-01
1990-08-01,12.2,,640.3672,,1069.0,,,,1990-08-01
1990-09-01,12.4,,639.4668,,976.0,,,,1990-09-01
1990-10-01,12.2,,637.526,,925.0,,,,1990-10-01
1990-11-01,12.4,,639.1908,,941.0,,,,1990-11-01
1990-12-01,12.5,,641.5803,,861.0,,,,1990-12-01
1991-01-01,12.2,,636.1385,,786.0,,,,1991-01-01
1991-02-01,12.7,,635.9704,,853.0,,,,1991-02-01
1991-03-01,12.9,,635.2905,,911.0,,,,1991-03-01
1991-04-01,13.5,,631.2584,,916.0,,,,1991-04-01
1991-05-01,12.9,,627.7266,,991.0,,,,1991-05-01
1991-06-01,13.7,,626.3743,,964.0,,,,1991-06-01
1991-07-01,13.8,,623.2141,,973.0,,,,1991-07-01
1991-08-01,13.9,,618.3837,,944.0,,,,1991-08-01
1991-09-01,14.0,,620.5541,,974.0,,,,1991-09-01
1991-10-01,14.4,,620.9639,,991.0,,,,1991-10-01
1991-11-01,14.8,,618.4217,,984.0,,,,1991-11-01
1991-12-01,15.4,,618.3851,,1061.0,,,,1991-12-01
1992-01-01,16.1,,613.6028,,1077.0,,,,1992-01-01
1992-02-01,16.7,,609.7544,33857.0,1146.0,,19863.0,,1992-02-01
1992-03-01,17.1,,607.378,35258.0,1082.0,,20776.0,,1992-03-01
1992-04-01,17.4,,604.3837,35992.0,1054.0,,21635.0,,1992-04-01
1992-05-01,17.8,,602.1934,36811.0,1056.0,,21870.0,,1992-05-01
1992-06-01,18.2,,601.0575,36666.0,1057.0,,20928.0,,1992-06-01
1992-07-01,18.1,,599.26,36629.0,1089.0,,22695.0,,1992-07-01
1992-08-01,18.0,,597.2606,36131.0,1075.0,,21354.0,,1992-08-01
1992-09-01,18.1,,598.4085,37629.0,1114.0,,20570.0,,1992-09-01
1992-10-01,18.9,,596.8519,36668.0,1132.0,,21395.0,,1992-10-01
1992-11-01,17.9,,596.8943,37573.0,1118.0,,21681.0,,1992-11-01
1992-12-01,19.0,,596.4936,38374.0,1176.0,,21320.0,,1992-12-01
1993-01-01,18.3,,595.5009,37041.0,1177.0,,23603.0,,1993-01-01
1993-02-01,18.2,,593.5341,36962.0,1148.0,,23039.0,,1993-02-01
1993-03-01,17.6,,591.2713,36895.0,1056.0,,22625.0,,1993-03-01
1993-04-01,17.6,,585.6343,37729.0,1104.0,,23074.0,,1993-04-01
1993-05-01,17.5,,587.9676,37869.0,1112.0,,22991.0,,1993-05-01
1993-06-01,17.8,,590.2335,38381.0,1130.0,,23058.0,,1993-06-01
1993-07-01,17.7,,587.9056,38915.0,1174.0,,22568.0,,1993-07-01
1993-08-01,18.0,,587.7135,39309.0,1230.0,,21364.0,,1993-08-01
1993-09-01,18.1,,585.428,39307.0,1251.0,,21946.0,,1993-09-01
1993-10-01,18.1,,583.9107,40550.0,1287.0,,23542.0,,1993-10-01
1993-11-01,18.6,,584.0111,40301.0,1357.0,,23239.0,,1993-11-01
1993-12-01,18.3,,583.6991,43296.0,1461.0,,23955.0,,1993-12-01
1994-01-01,18.6,,587.4527,39801.0,1390.0,,25804.0,,1994-01-01
1994-02-01,19.0,,588.0663,41736.0,1269.0,,25353.0,,1994-02-01
1994-03-01,19.0,,594.7911,41245.0,1342.0,,25276.0,,1994-03-01
1994-04-01,19.0,,600.4842,42992.0,1392.0,,26229.0,,1994-04-01
1994-05-01,19.5,,604.7598,42849.0,1396.0,,26587.0,,1994-05-01
1994-06-01,18.8,,609.0313,44555.0,1357.0,,26291.0,,1994-06-01
1994-07-01,19.0,,616.4997,44016.0,1335.0,,26568.0,,1994-07-01
1994-08-01,18.8,,622.1041,44406.0,1377.0,,26793.0,,1994-08-01
1994-09-01,18.7,,624.9589,44507.0,1412.0,,26268.0,,1994-09-01
1994-10-01,19.3,,631.5934,45959.0,1397.0,,26423.0,,1994-10-01
1994-11-01,18.0,,638.3755,45942.0,1340.0,,27016.0,,1994-11-01
1994-12-01,17.8,,643.8181,46186.0,1396.0,,27654.0,,1994-12-01
1995-01-01,17.1,,654.349,47317.0,1282.0,,28313.0,,1995-01-01
1995-02-01,17.0,,666.5955,46200.0,1254.0,,27620.0,,1995-02-01
1995-03-01,17.3,,673.5374,46095.0,1226.0,,27571.0,,1995-03-01
1995-04-01,17.6,,677.5537,46776.0,1259.0,,27417.0,,1995-04-01
1995-05-01,17.0,,686.1953,48401.0,1271.0,,26789.0,,1995-05-01
1995-06-01,15.9,,690.6401,47970.0,1305.0,,26393.0,,1995-06-01
1995-07-01,16.5,,698.5413,45962.0,1354.0,,26573.0,,1995-07-01
1995-08-01,16.2,,702.813,47502.0,1386.0,,26521.0,,1995-08-01
1995-09-01,16.2,,706.0379,49431.0,1421.0,,26968.0,,1995-09-01
1995-10-01,16.0,,706.3051,50283.0,1400.0,,26993.0,,1995-10-01
1995-11-01,16.4,,712.6005,49798.0,1430.0,,25835.0,,1995-11-01
1995-12-01,16.3,,715.0997,51221.0,1442.0,,26896.0,,1995-12-01
1996-01-01,16.1,,721.8057,47931.0,1387.0,,26533.0,,1996-01-01
1996-02-01,16.4,,724.1616,49183.0,1420.0,,26087.0,,1996-02-01
1996-03-01,17.3,,727.356,49780.0,1437.0,,26561.0,,1996-03-01
1996-04-01,17.6,,732.1012,48102.0,1463.0,,27976.0,,1996-04-01
1996-05-01,17.0,,736.4856,50505.0,1457.0,,28089.0,,1996-05-01
1996-06-01,17.6,,741.4455,51556.0,1429.0,,27650.0,,1996-06-01
1996-07-01,16.7,,745.0273,51047.0,1450.0,,28126.0,,1996-07-01
1996-08-01,17.3,,747.8054,50780.0,1413.0,,27188.0,,1996-08-01
1996-09-01,16.8,,758.537,49824.0,1392.0,,28288.0,,1996-09-01
1996-10-01,16.3,,765.9673,52556.0,1358.0,,27651.0,,1996-10-01
1996-11-01,15.9,,772.0492,52664.0,1412.0,,27568.0,,1996-11-01
1996-12-01,15.6,,778.6286,50765.0,1411.0,,26790.0,,1996-12-01
1997-01-01,16.0,,782.375,51958.0,1382.0,,28524.0,,1997-01-01
1997-02-01,15.8,,789.1726,54285.0,1445.0,,29287.0,,1997-02-01
1997-03-01,15.5,,795.6514,54195.0,1436.0,,29168.0,,1997-03-01
1997-04-01,15.6,,803.929,55044.0,1421.0,,29915.0,,1997-04-01
1997-05-01,15.4,,809.3704,53924.0,1414.0,,29351.0,,1997-05-01
1997-06-01,15.5,,813.4073,55972.0,1402.0,,29727.0,,1997-06-01
1997-07-01,16.4,,816.5198,58969.0,1440.0,,32433.0,,1997-07-01
1997-08-01,16.0,,822.4841,58232.0,1449.0,,30207.0,,1997-08-01
1997-09-01,15.9,,829.9312,60143.0,1494.0,,30280.0,,1997-09-01
1997-10-01,16.1,,833.9001,57582.0,1499.0,,30990.0,,1997-10-01
1997-11-01,15.4,,839.8911,57967.0,1469.0,,31608.0,,1997-11-01
1997-12-01,15.9,,845.1075,58401.0,1456.0,,31548.0,,1997-12-01
1998-01-01,15.6,,855.6193,56811.0,1555.0,,29645.0,,1998-01-01
1998-02-01,15.4,,862.3211,59362.0,1647.0,,31478.0,,1998-02-01
1998-03-01,14.5,,866.1456,57672.0,1605.0,,31053.0,,1998-03-01
1998-04-01,14.7,,864.4037,55909.0,1547.0,,30604.0,,1998-04-01
1998-05-01,14.7,,876.0401,58575.0,1554.0,,32247.0,,1998-05-01
1998-06-01,14.1,,891.1429,59020.0,1551.0,,28440.0,,1998-06-01
1998-07-01,14.1,,897.6623,56670.0,1610.0,,27961.0,,1998-07-01
1998-08-01,13.7,,903.9445,57658.0,1654.0,,31264.0,,1998-08-01
1998-09-01,14.4,,912.3652,60257.0,1577.0,,31577.0,,1998-09-01
1998-10-01,14.1,,931.3329,56319.0,1719.0,,33093.0,,1998-10-01
1998-11-01,14.5,,942.2429,58162.0,1672.0,,32463.0,,1998-11-01
1998-12-01,14.0,,939.184,60818.0,1742.0,,33341.0,,1998-12-01
1999-01-01,13.4,,937.8295,57160.0,1732.0,,34307.0,,1999-01-01
1999-02-01,13.8,,935.9178,58576.0,1720.0,,36055.0,,1999-02-01
1999-03-01,13.4,,944.4668,59657.0,1665.0,,35175.0,,1999-03-01
1999-04-01,13.3,,947.256,58929.0,1600.0,,34293.0,,1999-04-01
1999-05-01,13.4,,942.4256,59814.0,1640.0,,34526.0,,1999-05-01
1999-06-01,14.3,,949.7843,59045.0,1702.0,,33971.0,,1999-06-01
1999-07-01,13.6,,958.5175,62074.0,1682.0,,33673.0,,1999-07-01
1999-08-01,13.1,,969.0853,61732.0,1671.0,,34345.0,,1999-08-01
1999-09-01,13.1,,975.1529,63231.0,1551.0,,34359.0,,1999-09-01
1999-10-01,13.3,,978.2339,61451.0,1649.0,,35512.0,,1999-10-01
1999-11-01,12.9,,1000.2903,61849.0,1672.0,,33332.0,,1999-11-01
1999-12-01,12.9,,1001.0495,65451.0,1683.0,,33505.0,,1999-12-01
2000-01-01,13.1,,1003.6346,63975.0,1727.0,,35369.0,,2000-01-01
2000-02-01,12.6,,1016.5905,58497.0,1692.0,,33802.0,,2000-02-01
2000-03-01,12.7,,1026.3039,63642.0,1651.0,,33582.0,,2000-03-01
2000-04-01,12.4,,1035.1991,64414.0,1597.0,,34112.0,,2000-04-01
2000-05-01,12.6,,1052.0804,63753.0,1543.0,,33061.0,,2000-05-01
2000-06-01,12.3,,1062.8185,68292.0,1572.0,,32376.0,,2000-06-01
2000-07-01,13.4,,1068.5861,63581.0,1542.0,,31981.0,,2000-07-01
2000-08-01,12.9,,1071.6725,64759.0,1552.0,,29773.0,,2000-08-01
2000-09-01,12.2,,1072.9278,66733.0,1570.0,,33656.0,,2000-09-01
2000-10-01,12.7,,1077.9163,63580.0,1577.0,,32437.0,,2000-10-01
2000-11-01,12.4,,1080.4648,62569.0,1614.0,,31028.0,,2000-11-01
2000-12-01,12.5,,1085.2826,62554.0,1543.0,,30631.0,,2000-12-01
2001-01-01,12.7,,1094.0971,60808.0,1699.0,,28327.0,,2001-01-01
2001-02-01,12.8,,1094.2973,60697.0,1656.0,,30131.0,,2001-02-01
2001-03-01,12.8,,1092.0557,58146.0,1659.0,,30159.0,,2001-03-01
2001-04-01,12.4,,1089.1736,54841.0,1666.0,,29354.0,,2001-04-01
2001-05-01,12.1,,1084.184,56599.0,1665.0,,30935.0,,2001-05-01
2001-06-01,12.7,,1072.076,55428.0,1626.0,,30441.0,,2001-06-01
2001-07-01,12.9,,1063.9772,53436.0,1598.0,,30927.0,,2001-07-01
2001-08-01,13.3,,1055.8491,54169.0,1615.0,,31176.0,,2001-08-01
2001-09-01,13.2,,1059.2448,50735.0,1565.0,,29162.0,,2001-09-01
2001-10-01,13.3,,1044.5486,49736.0,1566.0,,29859.0,,2001-10-01
2001-11-01,14.3,,1034.0155,51335.0,1651.0,,31309.0,,2001-11-01
2001-12-01,14.5,,1021.7987,51290.0,1680.0,,32059.0,,2001-12-01
2002-01-01,14.7,,1012.1295,47416.0,1665.0,,32011.0,,2002-01-01
2002-02-01,15.0,,1016.8288,50422.0,1787.0,,31261.0,,2002-02-01
2002-03-01,15.4,,1011.8719,47371.0,1691.0,,29902.0,,2002-03-01
2002-04-01,16.3,,1000.2742,49964.0,1669.0,,33850.0,,2002-04-01
2002-05-01,16.8,,990.988,50680.0,1716.0,,33383.0,,2002-05-01
2002-06-01,16.9,,984.1211,48847.0,1758.0,,32769.0,,2002-06-01
2002-07-01,16.9,,976.6671,49531.0,1738.0,,34340.0,,2002-07-01
2002-08-01,16.5,,972.4608,51112.0,1695.0,,34391.0,,2002-08-01
2002-09-01,17.6,,966.29,48089.0,1803.0,,33326.0,,2002-09-01
2002-10-01,17.8,,962.8135,49106.0,1799.0,,34529.0,,2002-10-01
2002-11-01,17.6,,960.5212,49620.0,1771.0,,33757.0,,2002-11-01
2002-12-01,18.5,,957.8298,48744.0,1896.0,,32788.0,,2002-12-01
2003-01-01,18.5,,950.3781,48896.0,1808.0,,34936.0,,2003-01-01
2003-02-01,18.5,,941.6436,49128.0,1854.0,,34336.0,,2003-02-01
2003-03-01,18.1,,937.5419,51757.0,1757.0,,34082.0,,2003-03-01
2003-04-01,19.4,,935.1035,49199.0,1803.0,,33536.0,,2003-04-01
2003-05-01,19.0,,924.0954,50849.0,1835.0,,34324.0,,2003-05-01
2003-06-01,19.9,,917.4028,49941.0,1875.0,,34353.0,,2003-06-01
2003-07-01,19.7,,921.4758,49408.0,1885.0,,36246.0,,2003-07-01
2003-08-01,19.2,,909.6871,50447.0,1966.0,,33995.0,,2003-08-01
2003-09-01,19.5,,899.8902,51971.0,1961.0,,36628.0,,2003-09-01
2003-10-01,19.3,,886.9372,51088.0,2012.0,,36308.0,,2003-10-01
2003-11-01,19.9,,881.787,52318.0,1918.0,,35731.0,,2003-11-01
2003-12-01,19.8,,883.612,53325.0,1987.0,,35080.0,,2003-12-01
2004-01-01,19.9,,876.4207,50190.0,1952.0,,34731.0,,2004-01-01
2004-02-01,20.1,,874.5792,51210.0,1966.0,,35562.0,,2004-02-01
2004-03-01,19.8,,869.3998,54995.0,2066.0,,37237.0,,2004-03-01
2004-04-01,19.6,,864.5074,52065.0,2070.0,,34958.0,,2004-04-01
2004-05-01,19.8,,862.8714,52405.0,2150.0,,34080.0,,2004-05-01
2004-06-01,20.5,,869.1811,53213.0,2020.0,,34394.0,,2004-06-01
2004-07-01,18.8,,878.0762,53699.0,2112.0,,31368.0,,2004-07-01
2004-08-01,18.8,,883.0308,51950.0,2056.0,,34516.0,,2004-08-01
2004-09-01,19.4,,886.8239,56227.0,2041.0,,34385.0,,2004-09-01
2004-10-01,19.5,,889.2936,53948.0,2097.0,,33977.0,,2004-10-01
2004-11-01,19.7,,897.6287,55318.0,2079.0,,35563.0,,2004-11-01
2004-12-01,19.4,,906.4208,56631.0,2082.0,,35638.0,,2004-12-01
2005-01-01,19.5,,921.4766,57884.0,2139.0,,34201.0,,2005-01-01
2005-02-01,19.1,,931.8728,57580.0,2114.0,,34873.0,,2005-02-01
2005-03-01,19.5,,945.8598,56576.0,2062.0,,33079.0,,2005-03-01
2005-04-01,19.6,,958.5723,58138.0,2150.0,,35209.0,,2005-04-01
2005-05-01,18.6,,968.6706,57105.0,2085.0,,34876.0,,2005-05-01
2005-06-01,17.9,,975.0938,58903.0,2178.0,,34543.0,,2005-06-01
2005-07-01,17.6,,989.5683,57606.0,2203.0,,34342.0,,2005-07-01
2005-08-01,18.4,,995.88,60352.0,2219.0,,35889.0,,2005-08-01
2005-09-01,17.9,,1000.9518,58344.0,2263.0,,37404.0,,2005-09-01
2005-10-01,17.9,,1014.4701,59751.0,2170.0,,36277.0,,2005-10-01
2005-11-01,17.5,,1022.6095,60459.0,2218.0,,34992.0,,2005-11-01
2005-12-01,17.5,,1036.1682,61271.0,2120.0,,35774.0,,2005-12-01
2006-01-01,16.9,,1048.856,62469.0,2212.0,,36115.0,,2006-01-01
2006-02-01,17.8,,1058.512,62592.0,2141.0,,35831.0,,2006-02-01
2006-03-01,17.1,34.2,1068.7248,65096.0,2118.0,,36191.0,,2006-03-01
2006-04-01,16.7,34.3,1084.9873,63272.0,1998.0,,34888.0,,2006-04-01
2006-05-01,17.1,34.3,1103.2095,64145.0,1905.0,,36780.0,,2006-05-01
2006-06-01,16.6,34.4,1118.8082,63601.0,1867.0,,36700.0,,2006-06-01
2006-07-01,17.1,34.4,1130.5368,63922.0,1763.0,,32293.0,,2006-07-01
2006-08-01,17.1,34.3,1152.2955,64379.0,1722.0,,33904.0,,2006-08-01
2006-09-01,17.1,34.4,1151.2134,66981.0,1655.0,,33161.0,,2006-09-01
2006-10-01,16.3,34.3,1161.3232,66492.0,1570.0,,33778.0,,2006-10-01
2006-11-01,16.2,34.4,1169.9763,66484.0,1535.0,,33700.0,,2006-11-01
2006-12-01,16.1,34.5,1182.5945,65935.0,1638.0,,36221.0,,2006-12-01
2007-01-01,16.3,34.3,1192.5063,64015.0,1626.0,,33741.0,,2007-01-01
2007-02-01,16.7,34.3,1205.1098,63882.0,1598.0,,34131.0,,2007-02-01
2007-03-01,17.8,34.4,1215.8239,66935.0,1596.0,,35076.0,,2007-03-01
2007-04-01,16.9,34.3,1226.4701,66049.0,1470.0,,35810.0,,2007-04-01
2007-05-01,16.6,34.4,1244.4644,64811.0,1493.0,,36145.0,,2007-05-01
2007-06-01,16.5,34.5,1263.8758,64999.0,1407.0,,35913.0,,2007-06-01
2007-07-01,17.2,34.4,1281.645,65147.0,1361.0,,36513.0,,2007-07-01
2007-08-01,17.0,34.4,1307.649,66192.0,1321.0,,35913.0,,2007-08-01
2007-09-01,16.3,34.4,1350.0516,65178.0,1261.0,,34447.0,,2007-09-01
2007-10-01,17.0,34.3,1374.7957,65144.0,1192.0,,35181.0,,2007-10-01
2007-11-01,17.3,34.4,1393.7151,65239.0,1224.0,,34931.0,,2007-11-01
2007-12-01,16.6,34.4,1417.7094,68163.0,1149.0,,34044.0,,2007-12-01
2008-01-01,17.5,34.4,1441.0699,68229.0,1094.0,,33781.0,,2008-01-01
2008-02-01,16.9,34.4,1449.1891,66452.0,1014.0,,33725.0,,2008-02-01
2008-03-01,16.5,34.4,1470.7837,66337.0,967.0,,30618.0,,2008-03-01
2008-04-01,16.9,34.3,1490.0767,69555.0,1008.0,,31541.0,,2008-04-01
2008-05-01,16.6,34.4,1491.1741,68572.0,995.0,,30704.0,,2008-05-01
2008-06-01,17.1,34.4,1498.2133,67759.0,1180.0,,30747.0,,2008-06-01
2008-07-01,17.0,34.3,1512.0211,67754.0,921.0,,29320.0,,2008-07-01
2008-08-01,17.7,34.3,1513.7118,66479.0,858.0,,28630.0,,2008-08-01
2008-09-01,18.6,34.2,1530.9481,63556.0,797.0,,29037.0,,2008-09-01
2008-10-01,19.9,34.3,1586.534,59439.0,736.0,,26935.0,,2008-10-01
2008-11-01,18.9,34.1,1575.5505,60513.0,626.0,,26135.0,,2008-11-01
2008-12-01,19.9,33.9,1558.813,55732.0,554.0,,24497.0,,2008-12-01
2009-01-01,19.8,34.0,1544.889,49523.0,545.0,,22504.0,,2009-01-01
2009-02-01,20.2,34.0,1532.761,50247.0,558.0,,21736.0,,2009-02-01
2009-03-01,20.9,33.8,1511.3365,48959.0,513.0,,21850.0,,2009-03-01
2009-04-01,21.7,33.8,1491.5942,47043.0,521.0,,21686.0,,2009-04-01
2009-05-01,22.4,33.8,1469.3807,48777.0,556.0,,20841.0,,2009-05-01
2009-06-01,23.9,33.7,1436.2956,50508.0,601.0,,19562.0,,2009-06-01
2009-07-01,25.1,33.8,1395.3133,51053.0,595.0,,21525.0,,2009-07-01
2009-08-01,25.3,33.8,1363.5272,50126.0,616.0,,22490.0,,2009-08-01
2009-09-01,26.6,33.9,1337.7022,52991.0,609.0,,22778.0,,2009-09-01
2009-10-01,27.5,33.8,1307.8399,52061.0,583.0,,23406.0,,2009-10-01
2009-11-01,28.9,33.9,1290.1111,52778.0,623.0,,24534.0,,2009-11-01
2009-12-01,29.7,33.9,1265.2619,54427.0,664.0,,25155.0,,2009-12-01
2010-01-01,30.3,34.1,1238.7275,52365.0,636.0,,26250.0,,2010-01-01
2010-02-01,29.8,33.8,1223.6152,53386.0,650.0,,23734.0,,2010-02-01
2010-03-01,31.6,34.0,1210.1271,56130.0,687.0,,24603.0,,2010-03-01
2010-04-01,33.3,34.1,1207.4725,52604.0,637.0,,25512.0,,2010-04-01
2010-05-01,34.0,34.1,1196.7238,57162.0,575.0,,26152.0,,2010-05-01
2010-06-01,34.5,34.1,1190.1035,59728.0,587.0,,26565.0,,2010-06-01
2010-07-01,33.9,34.1,1188.9413,56453.0,579.0,,28120.0,,2010-07-01
2010-08-01,33.7,34.2,1187.8391,58633.0,580.0,,28207.0,,2010-08-01
2010-09-01,33.4,34.3,1185.9545,59839.0,563.0,,28711.0,,2010-09-01
2010-10-01,34.0,34.3,1184.9,57751.0,558.0,,28496.0,,2010-10-01
2010-11-01,33.9,34.2,1187.0833,60426.0,560.0,,28009.0,,2010-11-01
2010-12-01,34.7,34.3,1192.4508,61858.0,632.0,,28920.0,,2010-12-01
2011-01-01,37.2,34.2,1196.0521,60696.0,576.0,,28746.0,,2011-01-01
2011-02-01,37.4,34.3,1199.7673,59049.0,542.0,,28858.0,,2011-02-01
2011-03-01,39.1,34.3,1206.9387,62057.0,583.0,,30530.0,,2011-03-01
2011-04-01,38.7,34.4,1214.807,61957.0,581.0,,27926.0,,2011-04-01
2011-05-01,39.6,34.3,1228.9109,63863.0,618.0,,27726.0,,2011-05-01
2011-06-01,39.9,34.3,1233.6034,63492.0,636.0,,28220.0,,2011-06-01
2011-07-01,40.7,34.4,1244.2764,64870.0,621.0,,29979.0,,2011-07-01
2011-08-01,40.5,34.3,1263.3354,64663.0,647.0,,27890.0,,2011-08-01
2011-09-01,40.4,34.4,1269.7253,65559.0,610.0,,27607.0,,2011-09-01
2011-10-01,38.7,34.4,1280.0728,67585.0,671.0,,29634.0,,2011-10-01
2011-11-01,40.2,34.4,1292.8963,65081.0,706.0,,28908.0,,2011-11-01
2011-12-01,40.4,34.4,1303.8451,68520.0,697.0,,29150.0,,2011-12-01
2012-01-01,40.2,34.5,1321.3661,67740.0,712.0,,29958.0,,2012-01-01
2012-02-01,39.7,34.5,1344.4322,69729.0,738.0,,29799.0,,2012-02-01
2012-03-01,39.3,34.4,1351.0597,69443.0,806.0,,30200.0,,2012-03-01
2012-04-01,39.2,34.5,1368.4636,67904.0,732.0,,32073.0,,2012-04-01
2012-05-01,39.6,34.4,1378.9156,69087.0,796.0,,32169.0,,2012-05-01
2012-06-01,40.3,34.4,1397.9647,66981.0,794.0,,32151.0,,2012-06-01
2012-07-01,39.3,34.4,1413.7012,65108.0,849.0,,31686.0,,2012-07-01
2012-08-01,39.6,34.4,1425.8549,63671.0,840.0,,30943.0,,2012-08-01
2012-09-01,39.8,34.4,1434.3839,63851.0,930.0,,31224.0,,2012-09-01
2012-10-01,39.6,34.4,1449.2111,65817.0,887.0,,30263.0,,2012-10-01
2012-11-01,39.0,34.4,1457.2875,66737.0,917.0,,31280.0,,2012-11-01
2012-12-01,37.6,34.5,1474.5049,66397.0,941.0,,31262.0,,2012-12-01
2013-01-01,35.6,34.4,1485.0308,69666.0,940.0,,32161.0,,2013-01-01
2013-02-01,36.4,34.5,1491.4671,66186.0,980.0,,33235.0,,2013-02-01
2013-03-01,37.0,34.5,1499.896,65911.0,936.0,,32387.0,,2013-03-01
2013-04-01,36.5,34.4,1507.2634,67245.0,1012.0,,33468.0,,2013-04-01
2013-05-01,36.8,34.5,1510.3569,69054.0,1003.0,,33021.0,,2013-05-01
2013-06-01,36.4,34.5,1521.793,68803.0,942.0,,33376.0,,2013-06-01
2013-07-01,37.3,34.4,1531.8255,65978.0,997.0,,32545.0,,2013-07-01
2013-08-01,37.6,34.5,1533.4024,65882.0,964.0,,33925.0,,2013-08-01
2013-09-01,37.4,34.4,1539.9032,66200.0,1004.0,,33786.0,,2013-09-01
2013-10-01,35.1,34.4,1549.0928,64322.0,1044.0,,34808.0,,2013-10-01
2013-11-01,36.6,34.5,1558.5274,68263.0,1029.0,,36729.0,,2013-11-01
2013-12-01,36.5,34.4,1574.4486,66857.0,1007.0,,33758.0,,2013-12-01
2014-01-01,35.1,34.4,1586.6613,67962.0,983.0,,33082.0,,2014-01-01
2014-02-01,36.5,34.3,1619.8115,67110.0,1045.0,,35331.0,,2014-02-01
2014-03-01,35.3,34.5,1634.1345,68192.0,1062.0,,35546.0,,2014-03-01
2014-04-01,34.9,34.5,1651.0081,66236.0,1085.0,,34905.0,,2014-04-01
2014-05-01,34.4,34.5,1663.7247,65504.0,1016.0,,36930.0,,2014-05-01
2014-06-01,33.9,34.5,1676.9617,69424.0,1003.0,,35780.0,,2014-06-01
2014-07-01,32.7,34.5,1694.9863,67521.0,1073.0,,38570.0,,2014-07-01
2014-08-01,32.0,34.6,1712.3078,68353.0,1047.0,,36571.0,,2014-08-01
2014-09-01,31.9,34.5,1725.4348,69215.0,1076.0,,36913.0,,2014-09-01
2014-10-01,32.3,34.6,1729.5309,65372.0,1100.0,,37302.0,,2014-10-01
2014-11-01,32.7,34.6,1751.3379,64362.0,1062.0,,36791.0,,2014-11-01
2014-12-01,32.7,34.6,1773.5443,65561.0,1074.0,,38140.0,,2014-12-01
2015-01-01,31.9,34.5,1791.2859,65854.0,1057.0,,35825.0,,2015-01-01
2015-02-01,31.2,34.6,1807.7031,64254.0,1131.0,,35693.0,,2015-02-01
2015-03-01,30.5,34.5,1834.3429,64321.0,1071.0,,38740.0,,2015-03-01
2015-04-01,30.9,34.5,1847.9066,63970.0,1161.0,,37706.0,,2015-04-01
2015-05-01,30.7,34.5,1863.9023,62649.0,1270.0,,38368.0,,2015-05-01
2015-06-01,28.4,34.5,1880.8777,63225.0,1367.0,,39210.0,,2015-06-01
2015-07-01,28.1,34.5,1890.1728,63979.0,1136.0,,40096.0,,2015-07-01
2015-08-01,28.3,34.6,1904.4622,63465.0,1166.0,,39037.0,,2015-08-01
2015-09-01,26.0,34.5,1914.7348,63285.0,1143.0,,39684.0,,2015-09-01
2015-10-01,27.5,34.6,1927.5008,63011.0,1165.0,,38747.0,,2015-10-01
2015-11-01,27.9,34.5,1945.362,62254.0,1251.0,,39538.0,,2015-11-01
2015-12-01,27.8,34.5,1953.3169,59922.0,1213.0,,39018.0,,2015-12-01
2016-01-01,29.1,34.6,1963.0758,61849.0,1176.0,,39969.0,,2016-01-01
2016-02-01,29.1,34.4,1986.2564,60788.0,1192.0,,40544.0,,2016-02-01
2016-03-01,28.4,34.4,2018.5039,60517.0,1113.0,,39058.0,,2016-03-01
2016-04-01,28.2,34.4,2034.062,60503.0,1152.0,,39955.0,,2016-04-01
2016-05-01,26.9,34.4,2049.4868,59218.0,1188.0,,38430.0,,2016-05-01
2016-06-01,28.1,34.4,2052.9931,59724.0,1196.0,,39044.0,,2016-06-01
2016-07-01,27.9,34.4,2059.8274,60456.0,1187.0,,39954.0,,2016-07-01
2016-08-01,27.3,34.3,2053.5186,61821.0,1207.0,,39832.0,,2016-08-01
2016-09-01,26.8,34.4,2069.0221,60102.0,1283.0,,40075.0,,2016-09-01
2016-10-01,26.4,34.4,2081.1498,60055.0,1281.0,,39582.0,,2016-10-01
2016-11-01,25.8,34.3,2086.3677,60578.0,1246.0,,39215.0,,2016-11-01
2016-12-01,26.1,34.4,2080.7933,60470.0,1257.0,,40337.0,,2016-12-01
2017-01-01,25.0,34.4,2080.1662,62355.0,1321.0,,40311.0,,2017-01-01
2017-02-01,25.3,34.3,2080.3801,62687.0,1247.0,,39374.0,,2017-02-01
2017-03-01,25.4,34.3,2065.6408,63108.0,1286.0,,38883.0,,2017-03-01
2017-04-01,24.4,34.4,2069.8661,63572.0,1245.0,,38383.0,,2017-04-01
2017-05-01,25.0,34.4,2075.1288,63719.0,1201.0,,40081.0,,2017-05-01
2017-06-01,25.1,34.4,2077.7972,63456.0,1317.0,,39812.0,,2017-06-01
2017-07-01,24.9,34.4,2081.1444,64123.0,1255.0,,38739.0,,2017-07-01
2017-08-01,24.3,34.4,2089.1515,64555.0,1315.0,,39896.0,,2017-08-01
2017-09-01,26.4,34.3,2102.2563,68024.0,1261.0,,39617.0,,2017-09-01
2017-10-01,25.5,34.4,2105.9593,67140.0,1349.0,,40044.0,,2017-10-01
2017-11-01,25.1,34.5,2101.8195,65101.0,1314.0,,40832.0,,2017-11-01
2017-12-01,23.8,34.5,2103.073,66707.0,1315.0,,40151.0,,2017-12-01
2018-01-01,23.9,34.4,2105.4828,66237.0,1384.0,,41014.0,,2018-01-01
2018-02-01,22.9,34.5,2108.3058,67522.0,1339.0,,41722.0,,2018-02-01
2018-03-01,24.2,34.5,2123.9696,66828.0,1406.0,,42111.0,,2018-03-01
2018-04-01,23.0,34.5,2171.4872,67882.0,1376.0,,42643.0,,2018-04-01
2018-05-01,21.3,34.5,2178.2567,68034.0,1321.0,,39641.0,,2018-05-01
2018-06-01,21.2,34.5,2197.4494,68784.0,1306.0,,42283.0,,2018-06-01
2018-07-01,23.1,34.5,2212.04,69973.0,1316.0,,44438.0,,2018-07-01
2018-08-01,22.6,34.5,2215.8684,69477.0,1267.0,,43186.0,,2018-08-01
2018-09-01,24.1,34.5,2222.7,69184.0,1288.0,,43479.0,,2018-09-01
2018-10-01,22.4,34.5,2237.3772,69904.0,1281.0,,43968.0,,2018-10-01
2018-11-01,21.7,34.4,2264.2834,69052.0,1334.0,,44248.0,,2018-11-01
2018-12-01,21.8,34.5,2297.8156,67964.0,1339.0,,44718.0,,2018-12-01
2019-01-01,20.5,34.5,2314.9866,68935.0,1316.0,,44187.0,,2019-01-01
2019-02-01,21.7,34.4,2323.5995,69166.0,1287.0,,44117.0,,2019-02-01
2019-03-01,22.2,34.5,2335.9146,69396.0,1288.0,,44069.0,,2019-03-01
2019-04-01,22.9,34.4,2336.5364,68629.0,1290.0,,42909.0,,2019-04-01
2019-05-01,24.1,34.4,2338.7664,68794.0,1299.0,,43482.0,,2019-05-01
2019-06-01,22.2,34.4,2344.8313,69806.0,1232.0,,45015.0,,2019-06-01
2019-07-01,19.6,34.3,2352.9589,,1317.0,,,,2019-07-01
