,"Average Weekly Hours of All Employees, Total Private",Value of Manufacturers' New Orders for Consumer Goods: Consumer Durable Goods Industries,"Vendor Performance, Percent Reporting Slower Deliveries for United States",Manufacturers' New Orders: Nondefense Capital Goods Excluding Aircraft,New Private Housing Units Authorized by Building Permits,University of Michigan: Consumer Sentiment,Average Weeks Unemployed,"Commercial and Industrial Loans, All Commercial Banks",Manufacturers: Inventories to Sales Ratio,Bank Prime Loan Rate,"All Employees, Total Nonfarm",Personal Income,Industrial Production Index,"Manufacturing and Trade Sales, Total for United States"
1919-01-01,,,,,,,,,,,,,5.0124,
1919-02-01,,,,,,,,,,,,,4.7908,
1919-03-01,,,,,,,,,,,,,4.6524,
1919-04-01,,,,,,,,,,,,,4.7355,
1919-05-01,,,,,,,,,,,,,4.7632,
1919-06-01,,,,,,,,,,,,,5.0678,
1919-07-01,,,,,,,,,,,,,5.3724,
1919-08-01,,,,,,,,,,,,,5.4555,
1919-09-01,,,,,,,,,,,,,5.3447,
1919-10-01,,,,,,,,,,,,,5.2893,
1919-11-01,,,,,,,,,,,,,5.2062,
1919-12-01,,,,,,,,,,,,,5.2893,
1920-01-01,,,,,,,,,,,,,5.7878,
1920-02-01,,,,,,,,,,,,,5.7878,
1920-03-01,,,,,,,,,,,,,5.677,
1920-04-01,,,,,,,,,,,,,5.3724,
1920-05-01,,,,,,,,,,,,,5.5109,
1920-06-01,,,,,,,,,,,,,5.5663,
1920-07-01,,,,,,,,,,,,,5.4278,
1920-08-01,,,,,,,,,,,,,5.4555,
1920-09-01,,,,,,,,,,,,,5.2616,
1920-10-01,,,,,,,,,,,,,5.0401,
1920-11-01,,,,,,,,,,,,,4.6247,
1920-12-01,,,,,,,,,,,,,4.3478,
1921-01-01,,,,,,,,,,,,,4.0985,
1921-02-01,,,,,,,,,,,,,4.0155,
1921-03-01,,,,,,,,,,,,,3.9047,
1921-04-01,,,,,,,,,,,,,3.9047,
1921-05-01,,,,,,,,,,,,,4.0155,
1921-06-01,,,,,,,,,,,,,3.9878,
1921-07-01,,,,,,,,,,,,,3.9601,
1921-08-01,,,,,,,,,,,,,4.0985,
1921-09-01,,,,,,,,,,,,,4.1262,
1921-10-01,,,,,,,,,,,,,4.3755,
1921-11-01,,,,,,,,,,,,,4.3201,
1921-12-01,,,,,,,,,,,,,4.2924,
1922-01-01,,,,,,,,,,,,,4.4585,
1922-02-01,,,,,,,,,,,,,4.6524,
1922-03-01,,,,,,,,,,,,,4.9016,
1922-04-01,,,,,,,,,,,,,4.7355,
1922-05-01,,,,,,,,,,,,,4.9847,
1922-06-01,,,,,,,,,,,,,5.2339,
1922-07-01,,,,,,,,,,,,,5.2339,
1922-08-01,,,,,,,,,,,,,5.1232,
1922-09-01,,,,,,,,,,,,,5.4001,
1922-10-01,,,,,,,,,,,,,5.7047,
1922-11-01,,,,,,,,,,,,,5.9539,
1922-12-01,,,,,,,,,,,,,6.1201,
1923-01-01,,,,,,,,,,,,,5.9816,
1923-02-01,,,,,,,,,,,,,6.0647,
1923-03-01,,,,,,,,,,,,,6.2586,
1923-04-01,,,,,,,,,,,,,6.397,
1923-05-01,,,,,,,,,,,,,6.4801,
1923-06-01,,,,,,,,,,,,,6.4247,
1923-07-01,,,,,,,,,,,,,6.3693,
1923-08-01,,,,,,,,,,,,,6.2586,
1923-09-01,,,,,,,,,,,,,6.1201,
1923-10-01,,,,,,,,,,,,,6.0924,
1923-11-01,,,,,,,,,,,,,6.0924,
1923-12-01,,,,,,,,,,,,,5.9539,
1924-01-01,,,,,,,,,,,,,6.0924,
1924-02-01,,,,,,,,,,,,,6.2032,
1924-03-01,,,,,,,,,,,,,6.0924,
1924-04-01,,,,,,,,,,,,,5.8986,
1924-05-01,,,,,,,,,,,,,5.6493,
1924-06-01,,,,,,,,,,,,,5.4001,
1924-07-01,,,,,,,,,,,,,5.317,
1924-08-01,,,,,,,,,,,,,5.5109,
1924-09-01,,,,,,,,,,,,,5.7047,
1924-10-01,,,,,,,,,,,,,5.8432,
1924-11-01,,,,,,,,,,,,,5.954,
1924-12-01,,,,,,,,,,,,,6.1201,
1925-01-01,,,,,,,,,,,,,6.314,
1925-02-01,,,,,,,,,,,,,6.314,
1925-03-01,,,,,,,,,,,,,6.314,
1925-04-01,,,,,,,,,,,,,6.3693,
1925-05-01,,,,,,,,,,,,,6.3416,
1925-06-01,,,,,,,,,,,,,6.2863,
1925-07-01,,,,,,,,,,,,,6.4524,
1925-08-01,,,,,,,,,,,,,6.3416,
1925-09-01,,,,,,,,,,,,,6.2586,
1925-10-01,,,,,,,,,,,,,6.5078,
1925-11-01,,,,,,,,,,,,,6.6463,
1925-12-01,,,,,,,,,,,,,6.7293,
1926-01-01,,,,,,,,,,,,,6.6186,
1926-02-01,,,,,,,,,,,,,6.6186,
1926-03-01,,,,,,,,,,,,,6.7017,
1926-04-01,,,,,,,,,,,,,6.7017,
1926-05-01,,,,,,,,,,,,,6.6463,
1926-06-01,,,,,,,,,,,,,6.7293,
1926-07-01,,,,,,,,,,,,,6.757,
1926-08-01,,,,,,,,,,,,,6.8401,
1926-09-01,,,,,,,,,,,,,6.9509,
1926-10-01,,,,,,,,,,,,,6.9509,
1926-11-01,,,,,,,,,,,,,6.9232,
1926-12-01,,,,,,,,,,,,,6.8955,
1927-01-01,,,,,,,,,,,,,6.8678,
1927-02-01,,,,,,,,,,,,,6.9232,
1927-03-01,,,,,,,,,,,,,7.0063,
1927-04-01,,,,,,,,,,,,,6.8401,
1927-05-01,,,,,,,,,,,,,6.8955,
1927-06-01,,,,,,,,,,,,,6.8678,
1927-07-01,,,,,,,,,,,,,6.7847,
1927-08-01,,,,,,,,,,,,,6.7847,
1927-09-01,,,,,,,,,,,,,6.674,
1927-10-01,,,,,,,,,,,,,6.5355,
1927-11-01,,,,,,,,,,,,,6.5355,
1927-12-01,,,,,,,,,,,,,6.5632,
1928-01-01,,,,,,,,,,,,,6.7017,
1928-02-01,,,,,,,,,,,,,6.757,
1928-03-01,,,,,,,,,,,,,6.8124,
1928-04-01,,,,,,,,,,,,,6.7847,
1928-05-01,,,,,,,,,,,,,6.8678,
1928-06-01,,,,,,,,,,,,,6.9232,
1928-07-01,,,,,,,,,,,,,7.0063,
1928-08-01,,,,,,,,,,,,,7.1447,
1928-09-01,,,,,,,,,,,,,7.2001,
1928-10-01,,,,,,,,,,,,,7.3386,
1928-11-01,,,,,,,,,,,,,7.477,
1928-12-01,,,,,,,,,,,,,7.6155,
1929-01-01,,,,,,,,,,,,,7.7263,
1929-02-01,,,,,,,,,,,,,7.6986,
1929-03-01,,,,,,,,,,,,,7.7263,
1929-04-01,,,,,,,,,,,,,7.8648,
1929-05-01,,,,,,,,,,,,,8.0032,
1929-06-01,,,,,,,,,,,,,8.0586,
1929-07-01,,,,,,,,,,,,,8.1694,
1929-08-01,,,,,,,,,,,,,8.0863,
1929-09-01,,,,,,,,,,,,,8.0309,
1929-10-01,,,,,,,,,,,,,7.8924,
1929-11-01,,,,,,,,,,,,,7.5047,
1929-12-01,,,,,,,,,,,,,7.1724,
1930-01-01,,,,,,,,,,,,,7.1724,
1930-02-01,,,,,,,,,,,,,7.1447,
1930-03-01,,,,,,,,,,,,,7.034,
1930-04-01,,,,,,,,,,,,,6.9786,
1930-05-01,,,,,,,,,,,,,6.8678,
1930-06-01,,,,,,,,,,,,,6.674,
1930-07-01,,,,,,,,,,,,,6.3693,
1930-08-01,,,,,,,,,,,,,6.2309,
1930-09-01,,,,,,,,,,,,,6.1201,
1930-10-01,,,,,,,,,,,,,5.9539,
1930-11-01,,,,,,,,,,,,,5.8155,
1930-12-01,,,,,,,,,,,,,5.677,
1931-01-01,,,,,,,,,,,,,5.6493,
1931-02-01,,,,,,,,,,,,,5.677,
1931-03-01,,,,,,,,,,,,,5.7878,
1931-04-01,,,,,,,,,,,,,5.8155,
1931-05-01,,,,,,,,,,,,,5.7324,
1931-06-01,,,,,,,,,,,,,5.5939,
1931-07-01,,,,,,,,,,,,,5.5109,
1931-08-01,,,,,,,,,,,,,5.317,
1931-09-01,,,,,,,,,,,,,5.0678,
1931-10-01,,,,,,,,,,,,,4.8739,
1931-11-01,,,,,,,,,,,,,4.8185,
1931-12-01,,,,,,,,,,,,,4.7908,
1932-01-01,,,,,,,,,,,,,4.6524,
1932-02-01,,,,,,,,,,,,,4.5416,
1932-03-01,,,,,,,,,,,,,4.4862,
1932-04-01,,,,,,,,,,,,,4.1816,
1932-05-01,,,,,,,,,,,,,4.0431,
1932-06-01,,,,,,,,,,,,,3.9047,
1932-07-01,,,,,,,,,,,,,3.7939,
1932-08-01,,,,,,,,,,,,,3.9047,
1932-09-01,,,,,,,,,,,,,4.1539,
1932-10-01,,,,,,,,,,,,,4.2924,
1932-11-01,,,,,,,,,,,,,4.2924,
1932-12-01,,,,,,,,,,,,,4.2093,
1933-01-01,,,,,,,,,,,,,4.1262,
1933-02-01,,,,,,,,,,,,,4.1539,
1933-03-01,,,,,,,,,,,,,3.9047,
1933-04-01,,,,,,,,,,,,,4.1816,
1933-05-01,,,,,,,,,,,,,4.8739,
1933-06-01,,,,,,,,,,,,,5.6216,
1933-07-01,,,,,,,,,,,,,6.1478,
1933-08-01,,,,,,,,,,,,,5.8986,
1933-09-01,,,,,,,,,,,,,5.5663,
1933-10-01,,,,,,,,,,,,,5.2893,
1933-11-01,,,,,,,,,,,,,4.9847,
1933-12-01,,,,,,,,,,,,,5.0124,
1934-01-01,,,,,,,,,,,,,5.1785,
1934-02-01,,,,,,,,,,,,,5.4278,
1934-03-01,,,,,,,,,,,,,5.677,
1934-04-01,,,,,,,,,,,,,5.677,
1934-05-01,,,,,,,,,,,,,5.7878,
1934-06-01,,,,,,,,,,,,,5.677,
1934-07-01,,,,,,,,,,,,,5.2893,
1934-08-01,,,,,,,,,,,,,5.2339,
1934-09-01,,,,,,,,,,,,,4.9293,
1934-10-01,,,,,,,,,,,,,5.1509,
1934-11-01,,,,,,,,,,,,,5.2062,
1934-12-01,,,,,,,,,,,,,5.5386,
1935-01-01,,,,,,,,,,,,,5.9816,
1935-02-01,,,,,,,,,,,,,6.0924,
1935-03-01,,,,,,,,,,,,,6.0647,
1935-04-01,,,,,,,,,,,,,5.9539,
1935-05-01,,,,,,,,,,,,,5.9539,
1935-06-01,,,,,,,,,,,,,6.037,
1935-07-01,,,,,,,,,,,,,6.037,
1935-08-01,,,,,,,,,,,,,6.2586,
1935-09-01,,,,,,,,,,,,,6.4247,
1935-10-01,,,,,,,,,,,,,6.6186,
1935-11-01,,,,,,,,,,,,,6.757,
1935-12-01,,,,,,,,,,,,,6.8401,
1936-01-01,,,,,,,,,,,,,6.7293,
1936-02-01,,,,,,,,,,,,,6.5632,
1936-03-01,,,,,,,,,,,,,6.6463,
1936-04-01,,,,,,,,,,,,,7.0617,
1936-05-01,,,,,,,,,,,,,7.2001,
1936-06-01,,,,,,,,,,,,,7.3386,
1936-07-01,,,,,,,,,,,,,7.477,
1936-08-01,,,,,,,,,,,,,7.5878,
1936-09-01,,,,,,,,,,,,,7.7263,
1936-10-01,,,,,,,,,,,,,7.8371,
1936-11-01,,,,,,,,,,,,,8.0586,
1936-12-01,,,,,,,,,,,,,8.3078,
1937-01-01,,,,,,,,,,,,,8.2801,
1937-02-01,,,,,,,,,,,,,8.3909,
1937-03-01,,,,,,,,,,,,,8.5848,
1937-04-01,,,,,,,,,,,,,8.5848,
1937-05-01,,,,,,,,,,,,,8.6125,
1937-06-01,,,,,,,,,,,,,8.5017,
1937-07-01,,,,,,,,,,,,,8.5571,
1937-08-01,,,,,,,,,,,,,8.5017,
1937-09-01,,,,,,,,,,,,,8.2248,
1937-10-01,,,,,,,,,,,,,7.6155,
1937-11-01,,,,,,,,,,,,,6.8678,
1937-12-01,,,,,,,,,,,,,6.2586,
1938-01-01,,,,,,,,,,,,,6.1201,
1938-02-01,,,,,,,,,,,,,6.0647,
1938-03-01,,,,,,,,,,,,,6.0647,
1938-04-01,,,,,,,,,,,,,5.9539,
1938-05-01,,,,,,,,,,,,,5.8155,
1938-06-01,,,,,,,,,,,,,5.8709,
1938-07-01,,,,,,,,,,,,,6.2032,
1938-08-01,,,,,,,,,,,,,6.5355,
1938-09-01,,,,,,,,,,,,,6.7293,
1938-10-01,,,,,,,,,,,,,6.8955,
1938-11-01,,,,,,,,,,,,,7.1724,
1938-12-01,,,,,,,,,,,,,7.2555,
1939-01-01,,,,,,,,,,,29296.0,,7.2555,9839.0
1939-02-01,,,,,,,,,,,29394.0,,7.3109,9875.0
1939-03-01,,,,,,,,,,,29804.0,,7.3386,10483.0
1939-04-01,,,,,,,,,,,29786.0,,7.3109,10156.0
1939-05-01,,,,,,,,,,,30145.0,,7.2832,10423.0
1939-06-01,,,,,,,,,,,30520.0,,7.4494,10594.0
1939-07-01,,,,,,,,,,,30472.0,,7.6709,10448.0
1939-08-01,,,,,,,,,,,30870.0,,7.7817,11045.0
1939-09-01,,,,,,,,,,,31608.0,,8.2525,11659.0
1939-10-01,,,,,,,,,,,31975.0,,8.6678,11509.0
1939-11-01,,,,,,,,,,,31837.0,,8.8894,11796.0
1939-12-01,,,,,,,,,,,32037.0,,8.8894,11586.0
1940-01-01,,,,,,,,,,,30966.0,,8.7786,11502.0
1940-02-01,,,,,,,,,,,30995.0,,8.5017,11587.0
1940-03-01,,,,,,,,,,,31328.0,,8.3078,11390.0
1940-04-01,,,,,,,,,,,31397.0,,8.474,11615.0
1940-05-01,,,,,,,,,,,31738.0,,8.7232,11776.0
1940-06-01,,,,,,,,,,,32016.0,,9.0002,11775.0
1940-07-01,,,,,,,,,,,32019.0,,9.1109,11968.0
1940-08-01,,,,,,,,,,,32586.0,,9.1663,12250.0
1940-09-01,,,,,,,,,,,33379.0,,9.3602,12352.0
1940-10-01,,,,,,,,,,,33806.0,,9.4986,12927.0
1940-11-01,,,,,,,,,,,34000.0,,9.7202,13041.0
1940-12-01,,,,,,,,,,,34653.0,,10.0525,13254.0
1941-01-01,,,,,,,,,,,33833.0,,10.3017,13553.0
1941-02-01,,,,,,,,,,,34119.0,,10.6063,13939.0
1941-03-01,,,,,,,,,,,34592.0,,10.9386,14150.0
1941-04-01,,,,,,,,,,,35197.0,,10.9663,15040.0
1941-05-01,,,,,,,,,,,36062.0,,11.4648,15573.0
1941-06-01,,,,,,,,,,,36736.0,,11.5479,15901.0
1941-07-01,,,,,,,,,,,37262.0,,11.6864,16803.0
1941-08-01,,,,,,,,,,,37799.0,,11.8248,16922.0
1941-09-01,,,,,,,,,,,38354.0,,11.8248,17116.0
1941-10-01,,,,,,,,,,,38407.0,,11.9356,17030.0
1941-11-01,,,,,,,,,,,38293.0,,11.991,16318.0
1941-12-01,,,,,,,,,,,38548.0,,12.1848,17210.0
1942-01-01,,,,,,,,,,,37706.0,,12.4341,17609.0
1942-02-01,,,,,,,,,,,37833.0,,12.6556,17372.0
1942-03-01,,,,,,,,,,,38488.0,,12.7941,17494.0
1942-04-01,,,,,,,,,,,39138.0,,12.4341,18033.0
1942-05-01,,,,,,,,,,,39686.0,,12.4617,17686.0
1942-06-01,,,,,,,,,,,40172.0,,12.4895,18101.0
1942-07-01,,,,,,,,,,,40625.0,,12.7941,19051.0
1942-08-01,,,,,,,,,,,41226.0,,13.1818,18958.0
1942-09-01,,,,,,,,,,,41663.0,,13.4864,19617.0
1942-10-01,,,,,,,,,,,41832.0,,13.9295,19925.0
1942-11-01,,,,,,,,,,,41863.0,,14.2618,19348.0
1942-12-01,,,,,,,,,,,42322.0,,14.5941,20043.0
1943-01-01,,,,,,,,,,,41578.0,,14.7326,20040.0
1943-02-01,,,,,,,,,,,41810.0,,15.1203,21303.0
1943-03-01,,,,,,,,,,,42216.0,,15.231,21533.0
1943-04-01,,,,,,,,,,,42507.0,,15.4249,21658.0
1943-05-01,,,,,,,,,,,42542.0,,15.5356,21342.0
1943-06-01,,,,,,,,,,,42974.0,,15.4526,22337.0
1943-07-01,,,,,,,,,,,42868.0,,15.9233,22288.0
1943-08-01,,,,,,,,,,,42720.0,,16.2557,22780.0
1943-09-01,,,,,,,,,,,42753.0,,16.6711,22286.0
1943-10-01,,,,,,,,,,,42827.0,,16.9203,22069.0
1943-11-01,,,,,,,,,,,42945.0,,17.1418,22724.0
1943-12-01,,,,,,,,,,,43153.0,,16.9203,22695.0
1944-01-01,,,,,,,,,,,42135.0,,17.1141,22765.0
1944-02-01,,,,,,,,,,,42075.0,,17.2526,23426.0
1944-03-01,,,,,,,,,,,42076.0,,17.2249,23588.0
1944-04-01,,,,,,,,,,,41983.0,,17.2249,23043.0
1944-05-01,,,,,,,,,,,41951.0,,17.1142,24147.0
1944-06-01,,,,,,,,,,,42135.0,,17.0588,24340.0
1944-07-01,,,,,,,,,,,42023.0,,17.0311,23717.0
1944-08-01,,,,,,,,,,,41963.0,,17.2526,24678.0
1944-09-01,,,,,,,,,,,41855.0,,17.1418,23723.0
1944-10-01,,,,,,,,,,,41758.0,,17.1972,23868.0
1944-11-01,,,,,,,,,,,41800.0,,17.0588,24273.0
1944-12-01,,,,,,,,,,,42320.0,,17.0034,23943.0
1945-01-01,,,,,,,,,,,41444.0,,16.8372,24964.0
1945-02-01,,,,,,,,,,,41516.0,,16.7818,24844.0
1945-03-01,,,,,,,,,,,41653.0,,16.671,25318.0
1945-04-01,,,,,,,,,,,41393.0,,16.3664,24581.0
1945-05-01,,,,,,,,,,,41249.0,,15.9234,25271.0
1945-06-01,,,,,,,,,,,41276.0,,15.5633,25151.0
1945-07-01,,,,,,,,,,,40909.0,,15.2034,24190.0
1945-08-01,,,,,,,,,,,40544.0,,13.6249,23093.0
1945-09-01,,,,,,,,,,,38680.0,,12.4064,21149.0
1945-10-01,,,,,,,,,,,38659.0,,11.9079,22217.0
1945-11-01,,,,,,,,,,,39110.0,,12.351,22505.0
1945-12-01,,,,,,,,,,,39692.0,,12.4064,23033.0
1946-01-01,,,91.0,,,,,,,,39413.0,,11.714,23352.0
1946-02-01,,,82.0,,,,,,,,38865.0,,11.1325,23177.0
1946-03-01,,,78.0,,,,,,,,40033.0,,12.2956,24107.0
1946-04-01,,,82.0,,,,,,,,40816.0,,12.0741,25474.0
1946-05-01,,,86.0,,,,,,,,41211.0,,11.631,26228.0
1946-06-01,,,81.0,,,,,,,,41763.0,,12.351,26349.0
1946-07-01,,,69.0,,,,,,,,42082.0,,12.7664,27681.0
1946-08-01,,,71.0,,,,,,,,42724.0,,13.2371,28991.0
1946-09-01,,,73.0,,,,,,,,43176.0,,13.4864,28334.0
1946-10-01,,,60.0,,,,,,,,43275.0,,13.7356,29349.0
1946-11-01,,,49.0,,,,,,,,43612.0,,13.8187,31065.0
1946-12-01,,,38.0,,,,,,,,44140.0,,13.9018,31727.0
1947-01-01,,,37.0,,,,,11.2894,,,43108.0,,14.0679,31301.0
1947-02-01,,,42.0,,,,,11.5179,,,43100.0,,14.151,31644.0
1947-03-01,,,34.0,,,,,11.7667,,,43349.0,,14.2341,32001.0
1947-04-01,,,25.0,,,,,12.0269,,,43309.0,,14.1233,32335.0
1947-05-01,,,20.0,,,,,12.2788,,,43392.0,,14.1787,32873.0
1947-06-01,,,24.0,,,,,12.4832,,,43764.0,,14.1787,32787.0
1947-07-01,,,22.0,,,,,12.78,,,43604.0,,14.0956,32998.0
1947-08-01,,,25.0,,,,,13.0822,,,44066.0,,14.1787,32809.0
1947-09-01,,,30.0,,,,,13.3523,,,44591.0,,14.2895,33889.0
1947-10-01,,,31.0,,,,,13.6287,,,44741.0,,14.4279,34936.0
1947-11-01,,,38.0,,,,,13.8998,,,44807.0,,14.6218,35082.0
1947-12-01,,,41.0,,,,,14.2053,,,45514.0,,14.6772,35573.0
1948-01-01,,,35.0,,,,8.9,14.4049,,,44224.0,,14.7603,35850.0
1948-02-01,,,34.0,,,,8.4,14.5635,,,43956.0,,14.788,35855.0
1948-03-01,,,26.0,,,,8.7,14.7454,,,44291.0,,14.6218,35920.0
1948-04-01,,,36.0,,,,8.5,14.9301,,,44082.0,,14.6495,36498.0
1948-05-01,,,31.0,,,,9.1,15.0976,,,44471.0,,14.8987,35815.0
1948-06-01,,,30.0,,,,8.8,15.2158,,,44951.0,,15.0926,36559.0
1948-07-01,,,36.0,,,,8.6,15.2705,,,44989.0,,15.0926,36643.0
1948-08-01,,,36.0,,,,8.8,15.212,,,45338.0,,15.0372,37056.0
1948-09-01,,,38.0,,,,8.5,15.1478,,,45796.0,,14.9264,37000.0
1948-10-01,,,38.0,,,,9.5,15.0945,,,45693.0,,15.0372,36639.0
1948-11-01,,,32.0,,,,7.8,15.0462,,,45588.0,,14.8433,36556.0
1948-12-01,,,17.0,,,,8.1,15.0348,,,46074.0,,14.7049,36642.0
1949-01-01,,,16.0,,,,8.2,14.9254,,2.0,44159.0,,14.5664,
1949-02-01,,,12.0,,,,8.3,14.7874,,2.0,43821.0,,14.428,
1949-03-01,,,10.0,,,,8.3,14.6621,,2.0,43747.0,,14.151,
1949-04-01,,,14.0,,,,8.8,14.5149,,2.0,43881.0,,14.0679,
1949-05-01,,,12.0,,,,9.1,14.3455,,2.0,43636.0,,13.8741,
1949-06-01,,,12.0,,,,10.0,14.1386,,2.0,43668.0,,13.8464,
1949-07-01,,,22.0,,,,10.8,14.0212,,2.0,43352.0,,13.8187,
1949-08-01,,,38.0,,,,11.0,13.923,,2.0,43823.0,,13.9572,
1949-09-01,,,53.0,,,,11.7,13.8246,,2.0,44335.0,,14.0956,
1949-10-01,,,60.0,,,,10.9,13.7376,,2.0,43447.0,,13.5695,
1949-11-01,,,58.0,,,,11.6,13.6548,,2.0,43653.0,,13.9295,
1949-12-01,,,50.0,,,,11.8,13.5957,,2.0,44596.0,,14.1787,
1950-01-01,,,54.0,,,,11.3,13.6493,,2.0,42976.0,,14.4279,
1950-02-01,,,62.0,,,,11.8,13.7957,,2.0,42573.0,,14.4833,
1950-03-01,,,60.0,,,,12.4,13.9531,,2.0,43410.0,,14.9541,
1950-04-01,,,60.0,,,,12.6,14.1119,,2.0,44011.0,,15.4526,
1950-05-01,,,66.0,,,,12.7,14.2519,,2.0,44377.0,,15.8126,
1950-06-01,,,64.0,,,,13.1,14.388,,2.0,45044.0,,16.2834,
1950-07-01,,,88.0,,,,12.5,14.7712,,2.0,45272.0,,16.8095,
1950-08-01,,,94.0,,,,12.2,15.2975,,2.0,46401.0,,17.3357,
1950-09-01,,,96.0,,,,12.2,15.8075,,2.08,47005.0,,17.2249,
1950-10-01,,,88.0,,,,12.3,16.3104,,2.25,47239.0,,17.3357,
1950-11-01,,,87.0,,,,10.7,16.8092,,2.25,47207.0,,17.308,
1950-12-01,,,84.0,,,,10.7,17.3061,,2.25,47931.0,,17.6126,
1951-01-01,,,84.0,,,,10.6,17.7542,,2.44,46686.0,,17.668,
1951-02-01,,,85.0,,,,10.8,18.1862,,2.5,46833.0,,17.7788,
1951-03-01,,,74.0,,,,10.1,18.6363,,2.5,47312.0,,17.8618,
1951-04-01,,,58.0,,,,10.6,19.1031,,2.5,47505.0,,17.8895,
1951-05-01,,,46.0,,,,9.9,19.5512,,2.5,47624.0,,17.8342,
1951-06-01,,,38.0,,,,8.7,20.0031,,2.5,48059.0,,17.7511,
1951-07-01,,,34.0,,,,9.2,20.2509,,2.5,47888.0,,17.4741,
1951-08-01,,,38.0,,,,9.1,20.3672,,2.5,48195.0,,17.308,
1951-09-01,,,50.0,,,,9.1,20.4775,,2.5,48486.0,,17.4188,
1951-10-01,,,50.0,,,,8.9,20.6053,,2.62,48550.0,,17.3911,
1951-11-01,,,34.0,,,,9.7,20.7329,,2.75,48621.0,,17.5295,
1951-12-01,,,31.0,,,,9.3,20.9657,,2.85,49397.0,,17.6403,
1952-01-01,,,28.0,,,,9.3,22.1319,,3.0,47659.0,,17.8341,
1952-02-01,,,22.0,,,,8.8,22.4316,,3.0,47765.0,,17.9449,
1952-03-01,,,18.0,,,,8.4,22.3763,,3.0,47931.0,,18.0003,
1952-04-01,,,19.0,,,,9.0,22.138,,3.0,48268.0,,17.8341,
1952-05-01,,,23.0,,,,7.8,21.9293,,3.0,48319.0,,17.668,
1952-06-01,,,34.0,,,,7.3,22.0525,,3.0,48305.0,,17.5018,
1952-07-01,,,50.0,,,,7.5,22.1461,,3.0,47977.0,,17.2249,
1952-08-01,,,47.0,,,,7.6,22.3937,,3.0,49077.0,,18.3326,
1952-09-01,,,46.0,,,,8.1,22.6967,,3.0,49829.0,,18.9972,
1952-10-01,,,46.0,,,,9.1,23.0685,,3.0,50156.0,,19.1911,
1952-11-01,,,44.0,,,86.2,9.5,23.4435,,3.0,50346.0,,19.5788,
1952-12-01,,,40.0,,,,8.8,23.23,,3.0,51274.0,,19.6896,
1953-01-01,,,37.0,,,,9.3,23.4687,,3.0,49470.0,,19.7449,
1953-02-01,,,37.0,,,90.7,8.4,23.6226,,3.0,49541.0,,19.8557,
1953-03-01,,,40.0,,,,8.5,23.6983,,3.0,49878.0,,20.0219,
1953-04-01,,,38.0,,,,7.8,23.8228,,3.03,50071.0,,20.105,
1953-05-01,,,36.0,,,,7.9,23.8827,,3.25,50182.0,,20.2157,
1953-06-01,,,34.0,,,,8.2,23.7607,,3.25,50575.0,,20.1326,
1953-07-01,,,30.0,,,,7.9,23.7782,,3.25,50390.0,,20.3819,
1953-08-01,,,30.0,,,80.8,8.0,23.9951,,3.25,50631.0,,20.2711,
1953-09-01,,,25.0,,,,7.1,24.0138,,3.25,50867.0,,19.8557,
1953-10-01,,,22.0,,,,7.2,23.9825,,3.25,50807.0,,19.6896,
1953-11-01,,,20.0,,,80.7,7.9,23.87,,3.25,50472.0,,19.2188,
1953-12-01,,,20.0,,,,8.0,23.1686,,3.25,50833.0,,18.748,
1954-01-01,,,21.0,,,,8.7,23.0112,,3.25,48766.0,,18.6095,
1954-02-01,,,24.0,,,82.0,9.5,22.952,,3.25,48543.0,,18.6649,
1954-03-01,,,27.0,,,,10.6,22.927,,3.13,48519.0,,18.5542,
1954-04-01,,,30.0,,,,10.9,22.7987,,3.0,48787.0,,18.4434,
1954-05-01,,,35.0,,,82.9,11.6,22.6694,,3.0,48679.0,,18.5542,
1954-06-01,,,36.0,,,,12.3,22.5139,,3.0,48999.0,,18.6096,
1954-07-01,,,40.0,,,,12.5,22.439,,3.0,48704.0,,18.6372,
1954-08-01,,,41.0,,,,12.8,22.4422,,3.0,48974.0,,18.6095,
1954-09-01,,,47.0,,,,12.9,22.4805,,3.0,49391.0,,18.6372,
1954-10-01,,,53.0,,,,13.3,22.5787,,3.0,49515.0,,18.8588,
1954-11-01,,,52.0,,,87.0,13.2,22.6956,,3.0,49765.0,,19.1634,
1954-12-01,,,50.0,,,,13.4,22.5382,,3.0,50473.0,,19.4126,
1955-01-01,,,54.0,,,,13.4,22.8036,,3.0,48764.0,,19.8557,
1955-02-01,,,60.0,,,95.9,14.2,22.9901,,3.0,48764.0,,20.105,
1955-03-01,,,66.0,,,,13.4,23.1876,,3.0,49269.0,,20.5757,
1955-04-01,,,71.0,,,,14.3,23.3723,,3.0,49822.0,,20.825,
1955-05-01,,,70.0,,,99.1,14.4,23.7085,,3.0,50254.0,,21.1573,
1955-06-01,,,65.0,,,,13.4,24.1102,,3.0,50957.0,,21.185,
1955-07-01,,,70.0,,,,13.8,24.5263,,3.0,50868.0,,21.3511,
1955-08-01,,,72.0,,,,12.3,24.963,,3.23,51270.0,,21.3234,
1955-09-01,,,72.0,,,,11.7,25.3672,,3.25,51791.0,,21.4619,
1955-10-01,,,72.0,,,,11.5,25.7546,,3.4,52021.0,,21.8219,
1955-11-01,,,66.0,,,99.7,11.3,26.4404,,3.5,52193.0,,21.8773,
1955-12-01,,,56.0,,,,12.0,26.7161,,3.5,52950.0,,21.9604,
1956-01-01,,,48.0,,,,11.7,27.1736,,3.5,51249.0,,22.0988,
1956-02-01,,,46.0,,,,12.5,27.6564,,3.5,51255.0,,21.905,
1956-03-01,,,49.0,,,,11.6,28.5289,,3.5,51531.0,,21.905,
1956-04-01,,,50.0,,,,11.0,29.285,,3.65,51897.0,,22.0712,
1956-05-01,,,39.0,,,98.2,10.4,29.6299,,3.75,52245.0,,21.8773,
1956-06-01,,,40.0,,,,10.1,30.263,,3.75,52778.0,,21.6835,
1956-07-01,,,56.0,,,,10.5,30.7252,,3.75,51847.0,,21.0188,
1956-08-01,,,52.0,,,99.9,12.0,31.0855,,3.84,52802.0,,21.8773,
1956-09-01,,,47.0,,,,11.8,31.4451,,4.0,53165.0,,22.3758,
1956-10-01,,,44.0,,,,11.6,31.8895,,4.0,53409.0,,22.5696,
1956-11-01,,,46.0,,,100.2,10.9,32.2609,,4.0,53435.0,,22.3758,
1956-12-01,,,36.0,,,,11.4,32.473,,4.0,54068.0,,22.7081,
1957-01-01,,,33.0,,,,10.4,32.687,,4.0,52168.0,,22.625,
1957-02-01,,,28.0,,,,10.7,32.6895,,4.0,52146.0,,22.8466,
1957-03-01,,,25.0,,,,10.8,33.0407,,4.0,52336.0,,22.8189,
1957-04-01,,,28.0,,,,10.6,33.3856,,4.0,52713.0,,22.5142,
1957-05-01,,,30.0,,,92.9,10.4,33.6362,,4.0,52896.0,,22.4312,
1957-06-01,,,29.0,,,,10.2,34.0596,,4.0,53298.0,,22.4866,
1957-07-01,,,38.0,,,,10.1,34.3749,,4.0,53041.0,,22.625,
1957-08-01,,,34.0,,,,10.5,34.5961,,4.42,53326.0,,22.625,
1957-09-01,,,32.0,,,,9.8,34.5474,,4.5,53536.0,,22.4312,
1957-10-01,,,36.0,,,,11.1,34.4197,,4.5,53412.0,,22.0988,
1957-11-01,,,29.0,,,83.7,10.4,34.3325,,4.5,53161.0,,21.5727,
1957-12-01,,,25.0,,,,10.4,33.8853,,4.5,53479.0,,21.1573,
1958-01-01,,,28.0,,,,10.5,34.6988,,4.34,51353.0,,20.7696,
1958-02-01,,,28.0,,,78.5,11.0,34.8623,,4.0,50588.0,,20.3265,
1958-03-01,,,32.0,,,,11.2,34.7528,,4.0,50418.0,,20.0773,
1958-04-01,,,34.0,,,,12.1,34.5718,,3.83,50477.0,,19.745,
1958-05-01,,,38.0,,,80.9,13.1,34.4375,,3.5,50703.0,,19.9388,
1958-06-01,,,38.0,,,,14.4,34.2718,,3.5,51197.0,,20.465,
1958-07-01,,,44.0,,,,14.6,34.1831,,3.5,51013.0,,20.7696,
1958-08-01,,,49.0,,,,15.7,34.3612,,3.5,51470.0,,21.185,
1958-09-01,,,57.0,,,,16.5,34.5237,,3.83,52141.0,,21.3788,
1958-10-01,,,58.0,,,,16.5,34.7518,,4.0,52134.0,,21.6281,
1958-11-01,,,58.0,,,90.8,16.4,34.9156,,4.0,52511.0,,22.265,
1958-12-01,,,52.0,,,,15.7,34.9489,,4.0,53103.0,,22.2927,
1959-01-01,,,58.0,,,,16.3,35.213,,4.0,51721.0,391.8,22.625,
1959-02-01,,,62.0,,,,15.5,35.2201,,4.0,51642.0,393.7,23.0681,
1959-03-01,,,62.0,,,,15.3,35.1304,,4.0,52087.0,396.5,23.4004,
1959-04-01,,,62.0,,,,14.9,35.5581,,4.0,52774.0,399.9,23.8989,
1959-05-01,,,62.0,,,95.3,14.7,36.3064,,4.23,53384.0,402.4,24.2589,
1959-06-01,,,62.0,,,,14.9,37.1404,,4.5,54038.0,404.8,24.2866,
1959-07-01,,,60.0,,,,14.3,37.6645,,4.5,53843.0,405.4,23.705,
1959-08-01,,,62.0,,,,13.7,38.089,,4.5,53636.0,403.7,22.9019,
1959-09-01,,,64.0,,,,13.7,38.2605,,5.0,54082.0,405.1,22.8743,
1959-10-01,,,64.0,,,,12.9,38.4113,,5.0,53991.0,406.6,22.7081,
1959-11-01,,,56.0,,,93.8,13.1,38.6978,,5.0,54168.0,409.9,22.8466,
1959-12-01,,,50.0,,,,13.1,39.2932,,5.0,55124.0,414.6,24.2589,
1960-01-01,,,44.0,,1092.0,,13.5,39.6291,,5.0,53448.0,415.7,24.8958,
1960-02-01,,,30.0,,1088.0,100.0,13.1,39.7872,,5.0,53422.0,416.6,24.6743,
1960-03-01,,,27.0,,955.0,,13.0,40.018,,5.0,53494.0,417.6,24.4528,
1960-04-01,,,28.0,,1016.0,,12.6,40.5152,,5.0,54285.0,420.6,24.2589,
1960-05-01,,,32.0,,1052.0,93.3,11.9,40.8926,,5.0,54349.0,422.1,24.2312,
1960-06-01,,,34.0,,958.0,,11.9,41.3564,,5.0,54768.0,422.6,23.9266,
1960-07-01,,,36.0,,999.0,,12.6,41.3958,,5.0,54412.0,424.1,23.8435,
1960-08-01,,,40.0,,994.0,97.2,12.2,41.3249,,4.85,54610.0,424.1,23.8158,
1960-09-01,,,41.0,,984.0,,12.9,41.4006,,4.5,54906.0,424.9,23.5666,
1960-10-01,,,39.0,,972.0,,13.5,41.5247,,4.5,54779.0,426.7,23.5389,
1960-11-01,,,38.0,,979.0,90.1,13.9,41.6827,,4.5,54478.0,426.3,23.2066,
1960-12-01,,,38.0,,951.0,,12.4,42.1051,,4.5,54601.0,424.4,22.7635,
1961-01-01,,,38.0,,969.0,,13.7,42.0358,,4.5,52780.0,428.3,22.7912,
1961-02-01,,,40.0,,961.0,91.6,13.6,41.9503,,4.5,52414.0,430.3,22.7635,
1961-03-01,,,40.0,,1000.0,,14.1,42.0518,,4.5,52694.0,431.9,22.902,
1961-04-01,,,47.0,,1002.0,,15.5,42.2127,,4.5,53135.0,432.5,23.3727,
1961-05-01,,,48.0,,1027.0,92.5,15.6,42.1342,,4.5,53690.0,436.1,23.7327,
1961-06-01,,,48.0,,1070.0,,16.2,42.4519,,4.5,54455.0,440.5,24.065,
1961-07-01,,,49.0,,1083.0,,17.3,42.5813,,4.5,54288.0,442.7,24.342,
1961-08-01,,,52.0,,1159.0,99.2,17.0,42.6567,,4.5,54662.0,443.3,24.5635,
1961-09-01,,,55.0,,1098.0,,16.1,42.7707,,4.5,55074.0,444.3,24.5358,
1961-10-01,,,55.0,,1123.0,,15.9,42.9778,,4.5,55160.0,448.7,25.0066,
1961-11-01,,,51.0,,1152.0,93.0,17.0,43.1337,,4.5,55243.0,452.7,25.3943,
1961-12-01,,,53.0,,1161.0,,15.8,43.7997,,4.5,55665.0,455.6,25.6158,
1962-01-01,,,56.0,,1122.0,,15.3,43.9853,,4.5,53922.0,456.0,25.3943,
1962-02-01,,,56.0,,1194.0,99.9,16.0,43.8688,,4.5,54022.0,459.1,25.8097,
1962-03-01,,,55.0,,1134.0,,15.0,44.1012,,4.5,54297.0,462.9,25.9482,
1962-04-01,,,48.0,,1235.0,,14.9,44.5398,,4.5,55139.0,465.8,26.0035,
1962-05-01,,,46.0,,1142.0,95.4,15.5,44.8413,,4.5,55559.0,466.8,25.9758,
1962-06-01,,,42.0,,1154.0,,15.1,45.5419,,4.5,56157.0,467.7,25.9205,
1962-07-01,,,44.0,,1189.0,,14.6,45.7268,,4.5,55946.0,469.7,26.1697,
1962-08-01,,,44.0,,1200.0,91.6,14.5,45.9234,,4.5,56193.0,471.1,26.1974,
1962-09-01,,,48.0,,1223.0,,14.1,46.3736,,4.5,56667.0,473.7,26.3635,
1962-10-01,,,48.0,,1181.0,,14.1,46.8487,,4.5,56688.0,475.7,26.3912,
1962-11-01,,,48.0,,1236.0,95.0,13.3,47.1998,,4.5,56540.0,477.8,26.502,
1962-12-01,,,48.0,,1236.0,,13.6,47.4376,,4.5,56775.0,479.8,26.502,
1963-01-01,,,50.0,,1248.0,,13.8,47.6623,,4.5,55108.0,484.0,26.6958,
1963-02-01,,,52.0,,1212.0,98.4,14.1,47.8294,,4.5,55054.0,481.9,27.0005,
1963-03-01,,,54.0,,1258.0,,14.5,47.9739,,4.5,55356.0,483.7,27.1666,
1963-04-01,,,60.0,,1288.0,,14.5,48.3917,,4.5,56152.0,485.0,27.4159,
1963-05-01,,,58.0,,1350.0,91.7,14.5,48.649,,4.5,56572.0,487.9,27.7482,
1963-06-01,,,54.0,,1345.0,,14.0,49.2469,,4.5,57206.0,491.3,27.8313,
1963-07-01,,,42.0,,1321.0,,14.0,49.4664,,4.5,57013.0,492.5,27.7205,
1963-08-01,,,48.0,,1310.0,96.4,13.9,49.4768,,4.5,57232.0,494.9,27.7759,
1963-09-01,,,52.0,,1413.0,,14.2,49.8225,,4.5,57735.0,498.2,28.0528,
1963-10-01,,,48.0,,1414.0,,13.9,50.4111,,4.5,57907.0,501.9,28.2466,
1963-11-01,,,48.0,,1357.0,94.4,13.3,51.2382,,4.5,57721.0,503.6,28.3851,
1963-12-01,,,46.0,,1423.0,,13.3,52.1741,,4.5,58109.0,508.4,28.3297,
1964-01-01,,,55.0,,1296.0,,13.5,52.4186,,4.5,56460.0,511.3,28.579,
1964-02-01,,,54.0,,1442.0,99.5,13.2,52.5482,,4.5,56601.0,514.1,28.7728,
1964-03-01,,,60.0,,1313.0,,13.5,52.7139,,4.5,56964.0,517.0,28.7728,
1964-04-01,,,60.0,,1264.0,,12.4,53.229,,4.5,57528.0,520.6,29.2436,
1964-05-01,,,63.0,,1299.0,98.5,13.6,53.7445,,4.5,58048.0,523.8,29.4098,
1964-06-01,,,55.0,,1280.0,,13.6,54.2937,,4.5,58805.0,526.3,29.4928,
1964-07-01,,,59.0,,1304.0,,14.7,54.7159,,4.5,58632.0,529.9,29.6867,
1964-08-01,,,65.0,,1306.0,100.6,13.0,55.1046,,4.5,58900.0,533.3,29.8805,
1964-09-01,,,74.0,,1265.0,,12.7,55.7749,,4.5,59497.0,536.3,29.9913,
1964-10-01,,,72.0,,1230.0,,12.6,56.2908,,4.5,59380.0,536.9,29.5759,
1964-11-01,,,70.0,,1254.0,99.9,14.0,56.8628,,4.5,59677.0,541.3,30.4898,
1964-12-01,,,66.0,,1164.0,,12.7,58.3481,,4.5,60198.0,547.5,30.8498,
1965-01-01,,,68.0,,1264.0,,12.2,59.241,,4.5,58561.0,551.5,31.1821,
1965-02-01,,,72.0,,1185.0,102.0,12.6,60.0693,,4.5,58676.0,552.0,31.376,
1965-03-01,,,66.0,,1211.0,,12.0,61.1489,,4.5,59119.0,555.4,31.7913,
1965-04-01,,,72.0,,1162.0,,11.4,62.1331,,4.5,59891.0,558.6,31.9298,
1965-05-01,,,70.0,,1207.0,105.4,11.1,62.925,,4.5,60442.0,562.9,32.179,
1965-06-01,,,66.0,,1241.0,,11.6,64.1511,,4.5,61319.0,566.2,32.4283,
1965-07-01,,,62.0,,1237.0,,11.6,64.8904,,4.5,61167.0,570.4,32.7329,
1965-08-01,,,64.0,,1249.0,103.4,11.9,65.4792,,4.5,61455.0,572.9,32.8713,
1965-09-01,,,62.0,,1227.0,,11.9,66.3883,,4.5,62006.0,587.2,32.9544,
1965-10-01,,,60.0,,1279.0,,12.1,67.05,,4.5,62245.0,584.9,33.2868,
1965-11-01,,,66.0,,1306.0,102.9,11.7,67.754,,4.5,62465.0,590.2,33.4252,
1965-12-01,,,72.0,,1315.0,,11.4,69.1577,,4.92,63141.0,595.5,33.8406,
1966-01-01,,,74.0,,1325.0,,11.9,69.9831,,5.0,61529.0,597.7,34.1729,
1966-02-01,,,85.0,,1159.0,100.0,11.2,70.683,,5.0,61707.0,603.1,34.3945,
1966-03-01,,,86.0,,1234.0,,11.1,71.521,,5.35,62354.0,607.9,34.8652,
1966-04-01,,,82.0,,1145.0,,10.8,72.3728,,5.5,63096.0,609.5,34.9206,
1966-05-01,,,75.0,,1078.0,95.7,10.2,73.3273,,5.5,63645.0,612.2,35.2529,
1966-06-01,,,69.0,,956.0,,9.7,75.3919,,5.52,64784.0,616.7,35.4191,
1966-07-01,,,70.0,,932.0,,9.7,76.7826,,5.75,64470.0,620.4,35.6129,
1966-08-01,,,73.0,,877.0,91.2,9.8,76.9939,,5.88,64678.0,625.9,35.6406,
1966-09-01,,,72.0,,774.0,,10.1,77.4883,,6.0,65082.0,631.7,35.9729,
1966-10-01,,,70.0,,739.0,,10.3,78.0104,,6.0,65337.0,636.0,36.2221,
1966-11-01,,,64.0,,736.0,88.3,9.7,78.3726,,6.0,65508.0,640.9,35.9729,
1966-12-01,,,57.0,,743.0,,9.5,78.976,,6.0,66051.0,642.0,36.056,
1967-01-01,,,48.0,,995.0,,9.3,79.274,,5.96,64439.0,648.0,36.2261,
1967-02-01,,,51.0,,907.0,94.1,9.2,79.558,,5.75,64377.0,649.6,35.8152,
1967-03-01,,,,,955.0,,8.9,80.1231,,5.71,64741.0,653.9,35.6133,
1967-04-01,,,,,1035.0,,8.8,81.185,,5.5,65144.0,654.4,35.9492,
1967-05-01,,,,,1076.0,95.9,8.7,81.6022,,5.5,65540.0,656.9,35.6356,
1967-06-01,,,,,1169.0,,8.3,82.6929,,5.5,66451.0,661.6,35.6311,
1967-07-01,,,,,1177.0,,8.3,83.7351,,5.5,66015.0,667.2,35.55,
1967-08-01,,,,,1229.0,97.0,8.9,83.5123,,5.5,66262.0,672.5,36.2311,
1967-09-01,,,,,1279.0,,8.4,83.7365,,5.5,66549.0,675.0,36.1723,
1967-10-01,,,,,1280.0,,8.7,84.1043,,5.5,66684.0,677.8,36.4669,
1967-11-01,,,,,1297.0,92.9,8.9,84.5959,,5.68,67210.0,684.4,36.9884,
1967-12-01,,,,,1315.0,,8.6,86.1397,,6.0,67758.0,687.4,37.3868,
1968-01-01,,,,,1179.0,,9.4,86.5509,,6.0,65853.0,694.3,37.3465,
1968-02-01,,,,,1342.0,97.2,8.7,86.5981,,6.0,66203.0,702.5,37.4804,
1968-03-01,,,,,1370.0,,8.5,87.114,,6.0,66553.0,710.8,37.5974,
1968-04-01,,,,,1286.0,,8.7,88.421,,6.2,67260.0,716.2,37.6518,
1968-05-01,,,,,1297.0,92.4,8.2,88.9726,,6.5,67581.0,722.6,38.0741,
1968-06-01,,,,,1300.0,,7.9,89.9295,,6.5,68617.0,728.3,38.214,
1968-07-01,,,,,1344.0,,8.4,91.0358,,6.5,68199.0,735.0,38.1554,
1968-08-01,,,,,1357.0,92.4,8.3,91.2381,,6.5,68397.0,741.4,38.2619,
1968-09-01,,,,,1464.0,,8.2,91.8452,,6.45,68826.0,747.4,38.4068,
1968-10-01,,,,,1421.0,,8.4,92.8125,,6.25,69187.0,752.0,38.483,
1968-11-01,,,,,1436.0,91.7,8.1,94.47,,6.25,69509.0,758.0,38.9808,
1968-12-01,,,,,1389.0,,8.2,96.2065,,6.6,70085.0,762.6,39.1039,
1969-01-01,,,,,1459.0,,8.1,97.1481,,6.95,68494.0,766.3,39.3405,
1969-02-01,,,,,1495.0,98.2,7.9,98.2963,,7.0,68712.0,771.8,39.5922,
1969-03-01,,,,,1438.0,,7.9,99.2383,,7.24,69208.0,779.0,39.9027,
1969-04-01,,,,,1441.0,,7.9,100.7715,,7.5,69799.0,784.3,39.7559,
1969-05-01,,,,,1328.0,91.5,7.9,101.9454,,7.5,70285.0,790.5,39.6056,
1969-06-01,,,,,1349.0,,7.7,102.5404,,8.23,71363.0,797.1,39.9925,
1969-07-01,,,,,1278.0,,7.8,103.0557,,8.5,70746.0,805.0,40.2037,
1969-08-01,,,,,1317.0,86.4,7.9,103.3067,,8.5,71024.0,812.2,40.2961,
1969-09-01,,,,,1263.0,,8.0,103.8176,,8.5,71235.0,817.7,40.287,
1969-10-01,,,,,1216.0,,7.6,104.3372,,8.5,71601.0,822.0,40.2988,
1969-11-01,,,,,1191.0,79.7,8.0,105.1854,,8.5,71630.0,826.4,39.9189,
1969-12-01,,,,,1155.0,,8.0,106.5979,,8.5,72041.0,831.9,39.8118,
1970-01-01,,,,,1062.0,,7.9,106.2979,,8.5,70229.0,836.4,39.0746,
1970-02-01,,,,,1118.0,78.1,8.0,105.6953,,8.5,70332.0,841.8,39.0488,
1970-03-01,,,,,1132.0,,8.3,105.4128,,8.39,70786.0,847.1,38.9981,
1970-04-01,,,,,1224.0,,8.2,105.6766,,8.0,71105.0,859.9,38.8979,
1970-05-01,,,,,1328.0,75.4,8.6,106.0118,,8.0,71123.0,857.7,38.8525,
1970-06-01,,,,,1322.0,,8.6,106.8358,,8.0,71766.0,862.6,38.7269,
1970-07-01,,,,,1324.0,,8.9,107.677,,8.0,71000.0,870.6,38.8219,
1970-08-01,,,,,1394.0,77.6,8.8,108.5407,,8.0,70900.0,875.1,38.7527,
1970-09-01,,,,,1426.0,,8.9,109.5289,,7.83,71257.0,878.4,38.4856,
1970-10-01,,,,,1564.0,,8.7,109.774,,7.5,71022.0,879.7,37.7157,
1970-11-01,,,,,1502.0,72.4,9.3,110.1744,,7.28,70983.0,882.3,37.4873,
1970-12-01,,,,,1767.0,,9.8,111.3578,,6.92,71564.0,889.2,38.3482,
1971-01-01,,,,,1643.0,,10.5,111.5479,,6.29,69922.0,898.8,38.6432,
1971-02-01,,,,,1588.0,78.1,10.4,111.8951,,5.88,69844.0,903.2,38.5695,
1971-03-01,,,,,1759.0,,10.6,111.9877,,5.44,70209.0,909.0,38.5278,
1971-04-01,,,,,1745.0,,10.9,112.1496,,5.28,70795.0,915.0,38.7441,
1971-05-01,,,,,1972.0,80.2,11.2,113.0615,,5.46,71287.0,922.4,38.9407,
1971-06-01,,,,,1903.0,,11.6,114.1265,,5.5,72006.0,943.8,39.104,
1971-07-01,,,,,2069.0,,11.5,114.3772,,5.91,71194.0,934.8,38.9905,
1971-08-01,,,,,2004.0,82.1,11.5,115.6802,,6.0,71298.0,940.8,38.7642,
1971-09-01,,,,,1996.0,,11.9,116.6745,,6.0,71931.0,947.7,39.3942,
1971-10-01,,,,,2026.0,,12.6,117.268,,5.9,72180.0,951.8,39.6891,
1971-11-01,,,,,2079.0,82.0,12.0,117.8104,,5.53,72479.0,958.6,39.8576,
1971-12-01,,,,,2133.0,,11.5,117.7961,,5.49,72880.0,967.4,40.3177,
1972-01-01,,,,,2238.0,,12.1,118.1645,,5.18,71481.0,976.1,41.2876,
1972-02-01,,,,,2169.0,92.8,12.4,118.8982,,4.75,71668.0,987.9,41.6865,
1972-03-01,,,,,2105.0,,12.3,119.691,,4.75,72261.0,995.6,41.9746,
1972-04-01,,,,,2139.0,,12.4,121.2319,,4.97,72894.0,998.5,42.4183,
1972-05-01,,,,,2067.0,88.6,12.3,122.692,,5.0,73525.0,1004.9,42.3963,
1972-06-01,,,,,2183.0,,12.4,123.7672,,5.04,74507.0,1009.2,42.5166,
1972-07-01,,,,,2195.0,,11.8,124.6817,,5.25,73502.0,1019.0,42.498,
1972-08-01,,,,,2263.0,95.2,11.8,126.0083,,5.27,74054.0,1031.4,43.0629,
1972-09-01,,,,,2393.0,,12.1,126.9574,,5.5,74612.0,1040.0,43.3918,
1972-10-01,,,,,2354.0,,11.7,129.0908,,5.73,75290.0,1065.1,43.9718,
1972-11-01,,,,,2234.0,90.7,11.4,131.5901,,5.75,75704.0,1079.2,44.4919,
1972-12-01,,,,,2419.0,,11.4,133.1093,,5.79,76078.0,1086.6,45.0015,
1973-01-01,,,,,2271.0,,11.0,135.4135,,6.0,74613.0,1085.6,45.2942,
1973-02-01,,,,,2226.0,81.9,10.5,140.7983,,6.02,74989.0,1095.3,45.9656,
1973-03-01,,,,,2062.0,,10.6,144.9576,,6.3,75544.0,1104.4,45.9872,
1973-04-01,,,,,1908.0,,10.0,147.5343,,6.61,76132.0,1114.7,45.9237,
1973-05-01,,,,,1931.0,77.0,10.1,149.9659,,7.01,76712.0,1125.1,46.2192,
1973-06-01,,,,,2051.0,,9.6,152.8292,,7.49,77630.0,1134.7,46.2509,
1973-07-01,,,,,1819.0,,9.6,155.3291,,8.3,76691.0,1142.2,46.4421,
1973-08-01,,,,,1809.0,72.0,9.8,158.0681,,9.23,77095.0,1152.0,46.3648,
1973-09-01,,,,,1704.0,,9.4,158.5066,,9.86,77682.0,1163.4,46.7803,
1973-10-01,,,,,1411.0,,10.2,159.1694,,9.94,78306.0,1180.2,47.0954,
1973-11-01,,,,,1402.0,76.5,9.9,159.9353,,9.75,78707.0,1192.6,47.3445,
1973-12-01,,,,,1288.0,,9.5,161.2113,,9.75,78839.0,1199.2,47.2315,
1974-01-01,,,,,1331.0,,9.5,163.0226,,9.73,77045.0,1200.4,46.8994,
1974-02-01,,,,,1360.0,61.8,9.6,164.772,,9.21,77163.0,1207.1,46.7538,
1974-03-01,,,,,1440.0,,9.7,168.8168,,8.85,77485.0,1213.1,46.7685,
1974-04-01,,,,,1254.0,,9.8,174.9909,,10.02,78035.0,1220.9,46.6069,
1974-05-01,,,,,1138.0,72.1,9.6,177.6309,,11.25,78637.0,1234.1,46.9743,
1974-06-01,,,,,1086.0,,9.7,180.1082,,11.54,79336.0,1243.7,46.9233,
1974-07-01,,,,,1002.0,,9.9,183.9873,,11.97,78438.0,1257.8,46.9464,
1974-08-01,,,,,917.0,64.4,9.8,186.3819,,12.0,78584.0,1268.8,46.4907,
1974-09-01,,,,,840.0,,9.6,187.9941,,12.0,79084.0,1280.7,46.5136,
1974-10-01,,,,,824.0,,9.9,189.2302,,11.68,79381.0,1294.0,46.3401,
1974-11-01,,,,,783.0,59.5,9.6,190.4047,,10.83,79060.0,1296.0,44.8209,
1974-12-01,,,,,869.0,,10.1,191.2761,,10.5,78419.0,1305.4,43.234,
1975-01-01,,,,,726.0,,10.7,191.5869,,10.05,76189.0,1312.3,42.6409,
1975-02-01,,,,,729.0,57.6,11.7,190.3805,,8.96,75764.0,1318.8,41.6602,
1975-03-01,,,,,709.0,,11.8,188.1191,,7.93,75808.0,1324.2,41.2135,
1975-04-01,,,,,866.0,,12.9,187.4109,,7.5,76142.0,1330.3,41.246,
1975-05-01,,,,,914.0,72.8,13.4,186.074,,7.4,76774.0,1343.8,41.1515,
1975-06-01,,,,,946.0,,15.3,184.638,,7.07,77270.0,1375.8,41.4224,
1975-07-01,,,,,1020.0,,15.0,183.651,,7.15,76592.0,1372.3,41.8234,
1975-08-01,,,,,994.0,75.7,15.6,182.9282,,7.66,77120.0,1388.5,42.2573,
1975-09-01,,,,,1064.0,,16.1,182.822,,7.88,77726.0,1398.7,42.7796,
1975-10-01,,,,,1096.0,,15.4,182.7142,,7.96,78283.0,1413.4,42.9687,
1975-11-01,,,,,1110.0,75.6,16.6,182.6189,,7.53,78437.0,1422.4,43.0614,
1975-12-01,,,,,1091.0,,16.5,183.3586,,7.26,78726.0,1432.3,43.5973,
1976-01-01,,,,,1195.0,,16.6,182.6481,,7.0,77376.0,1447.2,44.2288,
1976-02-01,,,,,1190.0,84.6,16.3,182.0444,,6.75,77605.0,1457.5,44.6725,
1976-03-01,,,,,1164.0,,16.5,179.4877,,6.75,78214.0,1463.6,44.7125,
1976-04-01,,,,,1132.0,,15.9,177.4755,,6.75,79042.0,1472.5,44.9643,
1976-05-01,,,,,1194.0,83.3,15.0,178.4326,,6.75,79534.0,1481.2,45.1741,
1976-06-01,,,,,1188.0,,16.9,179.102,,7.2,80164.0,1489.9,45.183,
1976-07-01,,,,,1245.0,,15.7,179.1423,,7.25,79393.0,1506.7,45.4535,
1976-08-01,,,,,1309.0,89.7,15.6,179.7949,,7.01,79659.0,1519.3,45.7737,
1976-09-01,,,,,1481.0,,15.2,181.1732,,7.0,80362.0,1529.2,45.9031,
1976-10-01,,,,,1425.0,,15.2,182.4383,,6.77,80593.0,1536.7,45.9207,
1976-11-01,,,,,1531.0,87.0,15.3,183.9005,,6.5,80953.0,1557.2,46.5978,
1976-12-01,,,,,1511.0,,15.1,185.2478,,6.35,81129.0,1570.7,47.0854,
1977-01-01,,,,,1466.0,,15.2,185.7874,,6.25,79540.0,1572.2,46.8276,
1977-02-01,,,,,1560.0,87.1,14.7,187.4113,,6.25,79747.0,1589.6,47.5417,
1977-03-01,,,,,1660.0,,14.5,189.1547,,6.25,80604.0,1604.7,48.131,
1977-04-01,,,,,1660.0,,14.4,190.2948,,6.25,81539.0,1620.9,48.5838,
1977-05-01,,,,,1668.0,90.2,14.9,191.7797,,6.41,82376.0,1633.2,48.9891,
1977-06-01,,,,,1752.0,,14.4,193.5548,,6.75,83338.0,1644.9,49.3428,
1977-07-01,,,,,1687.0,,14.3,195.1835,,6.75,82677.0,1662.6,49.412,
1977-08-01,,,,,1780.0,89.0,13.9,197.4881,,6.83,82971.0,1676.9,49.4259,
1977-09-01,,,,,1674.0,,14.0,198.9991,,7.13,83922.0,1693.7,49.6639,
1977-10-01,,,,,1758.0,,13.7,201.2545,,7.52,84423.0,1716.3,49.7592,
1977-11-01,,,,,1771.0,84.4,13.6,202.9397,,7.75,84868.0,1739.8,49.8117,
1977-12-01,,,,,1754.0,,13.6,204.6774,,7.75,85105.0,1756.0,49.8949,
1978-01-01,,,,,1740.0,83.7,12.9,207.2931,,7.93,83442.0,1760.1,49.2066,
1978-02-01,,,,,1736.0,84.3,12.5,210.259,,8.0,83738.0,1776.2,49.4502,
1978-03-01,,,,,1799.0,78.8,12.4,213.6058,,8.0,84732.0,1797.9,50.3928,
1978-04-01,,,,,1948.0,81.6,12.3,216.9979,,8.0,86037.0,1821.9,51.4368,
1978-05-01,,,,,1766.0,82.9,12.1,220.4005,,8.27,86842.0,1837.0,51.6276,
1978-06-01,,,,,1983.0,80.0,12.1,223.4759,,8.63,87830.0,1855.8,51.9833,
1978-07-01,,,,,1786.0,82.4,12.0,226.2258,,9.0,87002.0,1876.2,51.9592,
1978-08-01,,,,,1691.0,78.4,11.4,228.3623,,9.01,87305.0,1894.2,52.1543,
1978-09-01,,,,,1751.0,80.4,11.4,230.5011,,9.41,87932.0,1907.5,52.286,
1978-10-01,,,,,1781.0,79.3,11.7,232.9249,,9.94,88549.0,1929.7,52.7054,
1978-11-01,,,,,1795.0,75.0,11.1,235.8062,,10.94,89099.0,1944.0,53.1047,
1978-12-01,,,,,1818.0,66.1,10.6,237.2394,,11.55,89408.0,1964.2,53.3886,
1979-01-01,,,,,1461.0,72.1,11.1,239.757,,11.75,87650.0,1985.7,53.0453,
1979-02-01,,,,,1492.0,73.9,11.2,243.8766,,11.75,87889.0,2004.3,53.3303,
1979-03-01,,,,,1720.0,68.4,11.7,247.8933,,11.75,88792.0,2026.1,53.4973,
1979-04-01,,,,,1597.0,66.0,11.0,253.7609,,11.75,89313.0,2030.9,52.8938,
1979-05-01,,,,,1684.0,68.1,11.1,258.7349,,11.75,90126.0,2044.8,53.3187,
1979-06-01,,,,,1640.0,65.8,10.4,263.4815,,11.65,90971.0,2060.5,53.3157,
1979-07-01,,,,,1534.0,60.4,10.3,267.8631,,11.54,89976.0,2091.9,53.2433,
1979-08-01,,,,,1591.0,64.5,10.6,270.6452,,11.91,90072.0,2111.1,52.8899,
1979-09-01,,,,,1638.0,66.7,10.5,274.3761,,12.9,90616.0,2129.5,52.9486,
1979-10-01,,,,,1481.0,62.1,10.5,276.1506,,14.39,91089.0,2146.8,53.239,
1979-11-01,,,,,1276.0,63.3,10.6,277.2382,,15.55,91287.0,2168.4,53.1918,
1979-12-01,,,,,1254.0,61.0,10.8,279.7257,,15.3,91415.0,2191.9,53.2603,
1980-01-01,,,,,1280.0,67.0,10.4,281.8501,,15.25,89631.0,2217.7,53.5037,
1980-02-01,,,,,1199.0,66.9,10.6,285.6731,,15.63,89764.0,2231.4,53.5053,
1980-03-01,,,,,988.0,56.5,11.0,289.3844,,18.31,90324.0,2246.7,53.3294,
1980-04-01,,,,,808.0,52.7,11.4,290.6018,,19.77,90747.0,2255.8,52.2336,
1980-05-01,,,,,861.0,51.7,10.9,287.8784,,16.57,90763.0,2266.3,50.9638,
1980-06-01,,,,,1118.0,58.7,11.3,287.0378,,12.63,90922.0,2286.3,50.3348,
1980-07-01,,,,,1259.0,62.3,11.8,288.0583,,11.48,89582.0,2321.4,49.9462,
1980-08-01,,,,,1367.0,67.3,12.4,291.4491,,11.12,89865.0,2345.9,50.1256,
1980-09-01,,,,,1484.0,73.7,12.9,294.7925,,12.23,90530.0,2378.1,50.9386,
1980-10-01,,,,,1366.0,75.0,13.1,299.9573,,13.79,91128.0,2418.1,51.5813,
1980-11-01,,,,,1383.0,76.7,13.6,307.3743,,16.06,91475.0,2444.0,52.4717,
1980-12-01,,,,,1249.0,64.5,13.7,312.0383,,20.35,91661.0,2472.0,52.7685,
1981-01-01,,,,,1221.0,71.4,14.3,312.4522,,20.16,89837.0,2488.0,52.4668,
1981-02-01,,,,,1199.0,66.9,14.1,313.117,,19.43,89985.0,2506.5,52.226,
1981-03-01,,,,,1183.0,66.5,14.0,314.3933,,18.05,90520.0,2532.2,52.5025,
1981-04-01,,,,,1190.0,72.4,13.9,318.5024,,17.15,91157.0,2538.8,52.2691,
1981-05-01,,,,,1173.0,76.3,13.6,324.08,,19.61,91647.0,2558.1,52.5803,
1981-06-01,,,,,976.0,73.1,13.7,328.1726,,20.03,92296.0,2582.5,52.8284,
1981-07-01,,,,,935.0,74.1,13.8,331.8571,,20.39,91371.0,2637.2,53.1751,
1981-08-01,,,,,889.0,77.2,14.4,336.523,,20.5,91378.0,2663.9,53.1679,
1981-09-01,,,,,847.0,73.1,13.6,338.1155,,20.08,91876.0,2676.3,52.8514,
1981-10-01,,,,,731.0,70.3,13.5,341.1989,,18.45,92054.0,2678.6,52.4949,
1981-11-01,,,,,748.0,62.5,13.1,345.5088,,16.84,91888.0,2696.3,51.894,
1981-12-01,,,,,796.0,64.3,13.1,350.3077,,15.75,91555.0,2703.1,51.3274,
1982-01-01,,,,,794.0,71.0,13.4,354.8455,,15.75,89328.0,2713.1,50.3043,
1982-02-01,,,,,808.0,66.5,14.1,360.7137,,16.56,89417.0,2732.7,51.3016,
1982-03-01,,,,,891.0,62.0,14.1,363.9746,,16.5,89710.0,2737.8,50.9104,
1982-04-01,,,,,888.0,65.5,14.5,371.0565,,16.5,89993.0,2758.1,50.4627,
1982-05-01,,,,,953.0,67.5,14.9,375.9823,,16.5,90478.0,2774.1,50.138,
1982-06-01,,,,,913.0,65.7,15.7,380.5642,,16.5,90669.0,2784.7,49.9692,
1982-07-01,,,,,1044.0,65.4,15.4,384.0437,,16.26,89338.0,2801.1,49.8138,
1982-08-01,,,,,926.0,65.4,16.2,385.8593,,14.39,89212.0,2815.0,49.3773,
1982-09-01,,,,,1042.0,69.3,16.6,391.0385,,13.5,89628.0,2821.3,49.226,
1982-10-01,,,,,1149.0,73.4,17.2,392.3917,,12.52,89598.0,2834.9,48.7874,
1982-11-01,,,,,1229.0,72.1,17.1,391.9751,,11.85,89495.0,2854.0,48.592,
1982-12-01,,,,,1351.0,71.9,18.1,392.0419,,11.5,89396.0,2872.6,48.2424,
1983-01-01,,,,,1426.0,70.4,19.4,393.1864,,11.16,87729.0,2882.2,49.1762,
1983-02-01,,,,,1471.0,74.6,19.2,393.3556,,10.98,87741.0,2888.8,48.8688,
1983-03-01,,,,,1475.0,80.8,19.4,393.8048,,10.5,88344.0,2906.2,49.2654,
1983-04-01,,,,,1566.0,89.1,19.5,392.4259,,10.5,89187.0,2921.6,49.8675,
1983-05-01,,,,,1669.0,93.3,20.5,391.4906,,10.5,90019.0,2944.8,50.2084,
1983-06-01,,,,,1769.0,92.2,20.8,393.8395,,10.5,90844.0,2959.8,50.5089,
1983-07-01,,,,,1795.0,92.8,21.2,397.7945,,10.5,90271.0,2985.0,51.2733,
1983-08-01,,,,,1713.0,90.9,20.0,401.5866,,10.89,89998.0,2993.7,51.8454,
1983-09-01,,,,,1585.0,89.9,20.2,402.529,,11.0,91719.0,3024.9,52.6303,
1983-10-01,,,,,1716.0,89.3,20.2,405.7486,,11.0,92233.0,3059.3,53.0679,
1983-11-01,,,,,1668.0,91.1,19.7,409.6174,,11.0,92592.0,3088.5,53.2534,
1983-12-01,,,,,1627.0,94.2,19.2,413.9404,,11.0,92863.0,3117.9,53.5343,
1984-01-01,,,,,1816.0,100.1,20.4,415.6054,,11.0,91374.0,3142.7,54.6008,
1984-02-01,,,,,1987.0,97.4,19.0,423.5808,,11.0,91940.0,3182.1,54.835,
1984-03-01,,,,,1725.0,101.0,19.1,430.9463,,11.21,92659.0,3212.1,55.1052,
1984-04-01,,,,,1776.0,96.1,18.9,437.8374,,11.93,93614.0,3245.1,55.4514,
1984-05-01,,,,,1741.0,98.1,18.8,446.3183,,12.39,94489.0,3256.6,55.7141,
1984-06-01,,,,,1814.0,95.5,18.1,450.9723,,12.6,95305.0,3286.9,55.9085,
1984-07-01,,,,,1605.0,96.6,18.0,455.8009,,13.0,94607.0,3306.1,56.0842,
1984-08-01,,,,,1530.0,99.1,17.3,458.7925,,13.0,94888.0,3338.0,56.1376,
1984-09-01,,,,,1523.0,100.9,17.0,461.9148,,12.97,95808.0,3368.0,56.0382,
1984-10-01,,,,,1490.0,96.3,16.7,466.3545,,12.58,96362.0,3366.0,55.9459,
1984-11-01,,,,,1643.0,95.7,17.0,470.9618,,11.77,96738.0,3388.3,56.1667,
1984-12-01,,,,,1626.0,92.9,16.8,473.3524,,11.06,96793.0,3420.7,56.2296,
1985-01-01,,,,,1660.0,96.0,15.9,472.9554,,10.61,95049.0,3433.9,56.1398,
1985-02-01,,,,,1662.0,93.7,15.9,475.5103,,10.5,95259.0,3452.3,56.3323,
1985-03-01,,,,,1727.0,93.7,16.1,480.1662,,10.5,96055.0,3480.0,56.4232,
1985-04-01,,,,,1664.0,94.6,16.4,479.0293,,10.5,96875.0,3478.1,56.2693,
1985-05-01,,,,,1709.0,91.8,15.3,480.7634,,10.31,97726.0,3493.4,56.3488,
1985-06-01,,,,,1716.0,96.5,15.5,482.2753,,9.78,98279.0,3514.9,56.3901,
1985-07-01,,,,,1697.0,94.0,15.5,487.0738,,9.5,97418.0,3528.4,56.0234,
1985-08-01,,,,,1808.0,92.4,15.3,489.8807,,9.5,97667.0,3539.5,56.2555,
1985-09-01,,,,,1916.0,92.1,15.3,494.4003,,9.5,98476.0,3561.4,56.4983,
1985-10-01,,,,,1743.0,88.4,15.3,493.2065,,9.5,98987.0,3584.0,56.2648,
1985-11-01,,,,,1692.0,90.9,15.7,497.0855,,9.5,99240.0,3599.5,56.4549,
1985-12-01,,,,,1794.0,93.9,15.1,498.913,,9.5,99356.0,3633.1,57.0458,
1986-01-01,,,,,1847.0,95.6,14.8,500.402,,9.5,97397.0,3647.0,57.3104,
1986-02-01,,,,,1767.0,95.9,15.2,500.8213,,9.5,97590.0,3664.7,56.9344,
1986-03-01,,,,,1780.0,95.1,14.6,505.3801,,9.1,98138.0,3691.2,56.542,
1986-04-01,,,,,1858.0,96.2,14.7,507.6289,,8.83,98973.0,3696.1,56.5599,
1986-05-01,,,,,1797.0,94.8,14.7,507.915,,8.5,99667.0,3707.3,56.6823,
1986-06-01,,,,,1790.0,99.3,15.2,511.2108,,8.5,99973.0,3722.9,56.4976,
1986-07-01,,,,,1780.0,97.7,15.2,513.0229,,8.16,99219.0,3742.4,56.814,
1986-08-01,,,,,1726.0,94.9,15.5,515.0815,,7.9,99393.0,3756.0,56.7381,
1986-09-01,,,,,1686.0,91.9,15.4,517.69,,7.5,100317.0,3773.0,56.8532,
1986-10-01,,,,,1675.0,95.6,15.2,517.5438,,7.5,100886.0,3782.2,57.1191,
1986-11-01,,,,,1644.0,91.4,15.0,523.8554,,7.5,101141.0,3796.8,57.3792,
1986-12-01,,,,,1903.0,89.1,15.0,539.2427,,7.5,101300.0,3817.4,57.8623,
1987-01-01,,,,,1690.0,90.4,14.9,548.7846,,7.5,99334.0,3831.4,57.685,
1987-02-01,,,,,1689.0,90.2,14.7,546.9636,,7.5,99657.0,3858.1,58.4399,
1987-03-01,,,,,1704.0,90.8,14.9,548.33,,7.5,100367.0,3878.4,58.516,
1987-04-01,,,,,1601.0,92.8,14.8,549.517,,7.75,101369.0,3891.1,58.8851,
1987-05-01,,,,,1500.0,91.1,14.9,551.5356,,8.14,102135.0,3925.0,59.2653,
1987-06-01,,,,,1522.0,91.5,14.9,554.5093,,8.25,102742.0,3936.5,59.5409,
1987-07-01,,,,,1516.0,93.7,14.2,553.435,,8.25,101990.0,3958.9,59.9536,
1987-08-01,,,,,1511.0,94.4,14.4,554.1055,,8.25,102219.0,3995.2,60.4517,
1987-09-01,,,,,1514.0,93.6,14.2,561.3173,,8.7,102986.0,4011.5,60.6069,
1987-10-01,,,,,1447.0,89.3,14.0,563.0683,,9.07,103893.0,4049.8,61.491,
1987-11-01,,,,,1457.0,83.1,14.0,562.5116,,8.78,104232.0,4075.8,61.8137,
1987-12-01,,,,,1345.0,86.8,14.2,565.1506,,8.75,104472.0,4127.4,62.119,
1988-01-01,,,,,1244.0,90.8,14.2,567.0728,,8.75,102380.0,4137.6,62.1469,
1988-02-01,,,,,1438.0,91.6,14.4,568.2592,,8.51,102951.0,4160.3,62.4169,
1988-03-01,,,,,1525.0,94.6,13.7,571.3814,,8.5,103693.0,4183.9,62.5418,
1988-04-01,,,,,1429.0,91.2,13.3,577.3868,,8.5,104587.0,4213.8,62.8959,
1988-05-01,,,,,1444.0,94.8,13.8,583.8101,,8.84,105347.0,4229.2,62.8223,
1988-06-01,,,,,1485.0,94.7,13.1,588.9866,,9.0,106208.0,4261.4,62.9823,
1988-07-01,,,,,1439.0,93.4,13.4,593.9404,,9.29,105315.0,4300.8,63.0093,
1988-08-01,,,,,1460.0,97.4,13.6,594.53,,9.84,105477.0,4324.5,63.2723,
1988-09-01,,,,,1436.0,97.3,13.6,595.4625,,10.0,106341.0,4353.7,63.099,
1988-10-01,,,,,1516.0,94.1,13.4,599.0301,,10.0,107013.0,4392.0,63.4122,
1988-11-01,,,,,1508.0,93.0,12.6,601.0639,,10.05,107500.0,4403.6,63.5128,
1988-12-01,,,,,1501.0,91.9,12.9,604.6499,,10.5,107722.0,4440.2,63.8233,
1989-01-01,,,,,1466.0,97.9,12.6,606.2767,,10.5,105743.0,4504.1,64.0153,
1989-02-01,,,,,1383.0,95.4,12.4,617.0985,,10.93,106170.0,4533.2,63.7242,
1989-03-01,,,,,1214.0,94.3,12.3,616.4861,,11.5,106813.0,4574.4,63.8691,
1989-04-01,,,,,1376.0,91.5,12.5,619.0408,,11.5,107611.0,4587.1,63.9124,
1989-05-01,,,,,1381.0,90.7,12.0,624.2977,,11.5,108294.0,4584.3,63.4884,
1989-06-01,,,,,1322.0,90.6,11.1,624.2628,,11.07,108937.0,4607.3,63.5187,
1989-07-01,,,,,1283.0,92.0,11.8,631.012,,10.98,107848.0,4633.7,62.9354,
1989-08-01,,,,,1334.0,89.6,11.4,635.2465,,10.5,107927.0,4644.3,63.5168,
1989-09-01,,,,,1314.0,95.8,11.5,637.1702,,10.5,108724.0,4667.5,63.2954,
1989-10-01,,,,,1365.0,93.9,11.9,639.3488,,10.5,109217.0,4708.1,63.2542,
1989-11-01,,,,,1344.0,90.9,11.7,639.6847,,10.5,109657.0,4722.8,63.4616,
1989-12-01,,,,,1422.0,90.5,11.6,637.6136,,10.5,109666.0,4740.1,63.8467,
1990-01-01,,,,,1748.0,93.0,11.8,635.7513,,10.11,107573.0,4787.7,63.4228,
1990-02-01,,,,,1329.0,89.5,11.6,636.5333,,10.0,108069.0,4823.2,64.0446,
1990-03-01,,,,,1246.0,91.3,11.7,638.3617,,10.0,108724.0,4845.6,64.358,
1990-04-01,,,,,1136.0,93.9,11.8,640.8468,,10.0,109365.0,4886.1,64.2602,
1990-05-01,,,,,1067.0,90.6,11.7,639.748,,10.0,110270.0,4891.2,64.3973,
1990-06-01,,,,,1108.0,88.3,11.6,641.5256,,10.0,110837.0,4920.3,64.6041,
1990-07-01,,,,,1078.0,88.2,11.9,639.9032,,10.0,109567.0,4948.5,64.5205,
1990-08-01,,,,,1069.0,76.4,12.2,640.3669,,10.0,109449.0,4949.5,64.7326,
1990-09-01,,,,,976.0,72.8,12.4,639.4663,,10.0,110044.0,4977.5,64.8145,
1990-10-01,,,,,925.0,63.9,12.2,637.5261,,10.0,110240.0,4964.6,64.3274,
1990-11-01,,,,,941.0,66.0,12.4,639.1911,,10.0,110203.0,4970.7,63.5753,
1990-12-01,,,,,861.0,65.5,12.5,641.5816,,10.0,109974.0,5000.4,63.1594,
1991-01-01,,,,,786.0,66.8,12.2,636.1393,,9.52,107425.0,4985.8,62.8852,
1991-02-01,,,,,853.0,70.4,12.7,635.9709,,9.05,107393.0,4991.7,62.4462,
1991-03-01,,,,,911.0,87.7,12.9,635.2905,,9.0,107682.0,4999.9,62.119,
1991-04-01,,,,,916.0,81.8,13.5,631.2578,,9.0,108070.0,5028.0,62.2415,
1991-05-01,,,,,991.0,78.3,12.9,627.7257,,8.5,108752.0,5049.5,62.8646,
1991-06-01,,,,,964.0,82.1,13.7,626.3727,,8.5,109233.0,5084.7,63.4372,
1991-07-01,,,,,973.0,82.9,13.8,623.2139,,8.5,108031.0,5081.2,63.5128,
1991-08-01,,,,,944.0,82.0,13.9,618.3842,,8.5,108123.0,5103.2,63.5671,
1991-09-01,,,,,974.0,83.0,14.0,620.5537,,8.2,108840.0,5136.8,64.133,
1991-10-01,,,,,991.0,78.3,14.4,620.9634,,8.0,109210.0,5153.5,64.0213,
1991-11-01,,,,,984.0,69.1,14.8,618.4219,,7.58,109226.0,5173.7,63.948,
1991-12-01,,,,,1061.0,68.2,15.4,618.3865,,7.21,109110.0,5230.9,63.6937,
1992-01-01,,,,,1077.0,67.5,16.1,613.6034,1.66,6.5,106723.0,5264.2,63.3374,
1992-02-01,,19863.0,,33857.0,1146.0,68.8,16.7,609.7552,1.65,6.5,106977.0,5303.8,63.7911,
1992-03-01,,20776.0,,35258.0,1082.0,76.0,17.1,607.378,1.58,6.5,107495.0,5325.5,64.3212,
1992-04-01,,21635.0,,35992.0,1054.0,77.2,17.4,604.3826,1.57,6.5,108330.0,5359.8,64.8088,
1992-05-01,,21870.0,,36811.0,1056.0,79.2,17.8,602.1923,1.55,6.5,109137.0,5395.6,65.0202,
1992-06-01,,20928.0,,36666.0,1057.0,80.4,18.2,601.0555,1.53,6.5,109626.0,5427.8,65.0295,
1992-07-01,,22695.0,,36629.0,1089.0,76.6,18.1,599.2603,1.54,6.02,108608.0,5441.3,65.6172,
1992-08-01,,21354.0,,36131.0,1075.0,76.1,18.0,597.2617,1.56,6.0,108664.0,5469.7,65.2943,
1992-09-01,,20570.0,,37629.0,1114.0,75.6,18.1,598.4086,1.55,6.0,109449.0,5457.7,65.446,
1992-10-01,,21395.0,,36668.0,1132.0,73.3,18.9,596.8512,1.56,6.0,110036.0,5450.1,65.9369,
1992-11-01,,21681.0,,37573.0,1118.0,85.3,17.9,596.8943,1.53,6.0,110276.0,5472.7,66.2174,
1992-12-01,,21320.0,,38374.0,1176.0,91.0,19.0,596.4952,1.53,6.0,110265.0,5682.1,66.2772,
1993-01-01,,23603.0,,37041.0,1177.0,89.3,18.3,595.5013,1.52,6.0,108099.0,5539.2,66.5643,
1993-02-01,,23039.0,,36962.0,1148.0,86.6,18.2,593.5352,1.51,6.0,108702.0,5573.0,66.8594,
1993-03-01,,22625.0,,36895.0,1056.0,85.9,17.6,591.2711,1.51,6.0,109136.0,5569.9,66.7658,
1993-04-01,,23074.0,,37729.0,1104.0,85.6,17.6,585.6328,1.52,6.0,110140.0,5626.7,67.0,
1993-05-01,,22991.0,,37869.0,1112.0,80.3,17.5,587.9659,1.5,6.0,111103.0,5642.8,66.7674,
1993-06-01,,23058.0,,38381.0,1130.0,81.5,17.8,590.2314,1.5,6.0,111693.0,5637.9,66.8781,
1993-07-01,,22568.0,,38915.0,1174.0,77.0,17.7,587.9064,1.52,6.0,110825.0,5665.2,67.0845,
1993-08-01,,21364.0,,39309.0,1230.0,77.3,18.0,587.7151,1.52,6.0,110936.0,5687.2,67.014,
1993-09-01,,21946.0,,39307.0,1251.0,77.9,18.1,585.4285,1.5,6.0,111925.0,5680.3,67.3345,
1993-10-01,,23542.0,,40550.0,1287.0,82.7,18.1,583.9102,1.48,6.0,112591.0,5674.3,67.8515,
1993-11-01,,23239.0,,40301.0,1357.0,81.2,18.6,584.0116,1.49,6.0,112934.0,5699.6,68.1326,
1993-12-01,,23955.0,,43296.0,1461.0,88.2,18.3,583.7006,1.48,6.0,113085.0,5899.1,68.5054,
1994-01-01,,25804.0,,39801.0,1390.0,94.3,18.6,587.4533,1.47,6.0,110833.0,5784.5,68.7648,
1994-02-01,,25353.0,,41736.0,1269.0,93.2,19.0,588.0675,1.46,6.0,111414.0,5803.8,68.7836,
1994-03-01,,25276.0,,41245.0,1342.0,91.5,19.0,594.7906,1.46,6.06,112389.0,5835.5,69.4766,
1994-04-01,,26229.0,,42992.0,1392.0,92.6,19.0,600.482,1.46,6.45,113469.0,5896.8,69.8703,
1994-05-01,,26587.0,,42849.0,1396.0,92.8,19.5,604.7574,1.45,6.99,114480.0,5917.5,70.2281,
1994-06-01,,26291.0,,44555.0,1357.0,91.2,18.8,609.0287,1.45,7.25,115270.0,5923.9,70.6763,
1994-07-01,,26568.0,,44016.0,1335.0,89.0,19.0,616.5011,1.44,7.25,114325.0,5952.6,70.7846,
1994-08-01,,26793.0,,44406.0,1377.0,91.7,18.8,622.1065,1.43,7.51,114633.0,5974.8,71.2053,
1994-09-01,,26268.0,,44507.0,1412.0,91.5,18.7,624.9601,1.44,7.75,115693.0,6007.6,71.4767,
1994-10-01,,26423.0,,45959.0,1397.0,92.7,19.3,631.5933,1.43,7.75,116318.0,6071.6,72.082,
1994-11-01,,27016.0,,45942.0,1340.0,91.6,18.0,638.3762,1.42,8.15,116926.0,6081.8,72.5263,
1994-12-01,,27654.0,,46186.0,1396.0,95.1,17.8,643.8196,1.39,8.5,116964.0,6114.7,73.2879,
1995-01-01,,28313.0,,47317.0,1282.0,97.6,17.1,654.3496,1.41,8.5,114656.0,6155.5,73.4219,
1995-02-01,,27620.0,,46200.0,1254.0,95.1,17.0,666.5968,1.41,9.0,115314.0,6180.4,73.3025,
1995-03-01,,27571.0,,46095.0,1226.0,90.3,17.3,673.5363,1.44,9.0,116069.0,6207.6,73.4081,
1995-04-01,,27417.0,,46776.0,1259.0,92.5,17.6,677.5508,1.42,9.0,116902.0,6231.3,73.3612,
1995-05-01,,26789.0,,48401.0,1271.0,89.8,17.0,686.1913,1.46,9.0,117625.0,6245.8,73.6104,
1995-06-01,,26393.0,,47970.0,1305.0,92.7,15.9,690.6364,1.45,9.0,118341.0,6275.1,73.8602,
1995-07-01,,26573.0,,45962.0,1354.0,94.4,16.5,698.5433,1.46,8.8,117106.0,6304.3,73.5664,
1995-08-01,,26521.0,,47502.0,1386.0,96.2,16.2,702.8166,1.45,8.75,117370.0,6327.2,74.495,
1995-09-01,,26968.0,,49431.0,1421.0,88.9,16.2,706.0401,1.43,8.75,118285.0,6356.2,74.7937,
1995-10-01,,26993.0,,50283.0,1400.0,90.2,16.0,706.3058,1.45,8.75,118886.0,6382.3,74.7017,
1995-11-01,,25835.0,,49798.0,1430.0,88.2,16.4,712.602,1.45,8.75,119125.0,6403.1,74.8897,
1995-12-01,,26896.0,,51221.0,1442.0,91.0,16.3,715.101,1.41,8.65,119123.0,6427.4,75.1755,
1996-01-01,,26533.0,,47931.0,1387.0,89.3,16.1,721.8064,1.49,8.5,116423.0,6463.8,74.6841,
1996-02-01,,26087.0,,49183.0,1420.0,88.5,16.4,724.1624,1.52,8.25,117363.0,6528.1,75.8344,
1996-03-01,,26561.0,,49780.0,1437.0,93.7,17.3,727.3544,1.45,8.25,118167.0,6570.9,75.7631,
1996-04-01,,27976.0,,48102.0,1463.0,92.7,17.6,732.0978,1.45,8.25,119005.0,6608.1,76.4562,
1996-05-01,,28089.0,,50505.0,1457.0,89.4,17.0,736.4802,1.42,8.25,120132.0,6648.4,77.0161,
1996-06-01,,27650.0,,51556.0,1429.0,92.4,17.6,741.4411,1.41,8.25,120796.0,6693.0,77.6669,
1996-07-01,,28126.0,,51047.0,1450.0,94.7,16.7,745.0297,1.42,8.25,119759.0,6694.0,77.5662,
1996-08-01,,27188.0,,50780.0,1413.0,95.3,17.3,747.8097,1.42,8.25,120051.0,6722.5,78.016,
1996-09-01,,28288.0,,49824.0,1392.0,94.7,16.8,758.5401,1.41,8.25,120796.0,6761.1,78.5532,
1996-10-01,,27651.0,,52556.0,1358.0,96.5,16.3,765.9695,1.43,8.25,121516.0,6783.0,78.5065,
1996-11-01,,27568.0,,52664.0,1412.0,99.2,15.9,772.0507,1.4,8.25,121976.0,6817.2,79.1996,
1996-12-01,,26790.0,,50765.0,1411.0,96.9,15.6,778.6296,1.4,8.25,121954.0,6852.1,79.7143,
1997-01-01,,28524.0,,51958.0,1382.0,97.4,16.0,782.3754,1.4,8.25,119412.0,6901.2,79.8273,
1997-02-01,,29287.0,,54285.0,1445.0,99.7,15.8,789.1724,1.37,8.25,120273.0,6938.1,80.793,
1997-03-01,,29168.0,,54195.0,1436.0,100.0,15.5,795.6489,1.37,8.3,121156.0,6978.7,81.334,
1997-04-01,,29915.0,,55044.0,1421.0,101.4,15.6,803.9259,1.36,8.5,122131.0,6991.4,81.3531,
1997-05-01,,29351.0,,53924.0,1414.0,103.2,15.4,809.3642,1.38,8.5,123212.0,7020.4,81.8293,
1997-06-01,,29727.0,,55972.0,1402.0,104.5,15.5,813.4025,1.36,8.5,123861.0,7054.9,82.2285,
1997-07-01,,32433.0,,58969.0,1440.0,107.1,16.4,816.5222,1.35,8.5,122877.0,7090.6,82.8557,
1997-08-01,,30207.0,,58232.0,1449.0,104.4,16.0,822.4889,1.36,8.5,122944.0,7138.2,83.7214,
1997-09-01,,30280.0,,60143.0,1494.0,106.0,15.9,829.9354,1.36,8.5,123949.0,7177.1,84.4651,
1997-10-01,,30990.0,,57582.0,1499.0,105.6,16.1,833.904,1.37,8.5,124852.0,7224.3,85.1918,
1997-11-01,,31608.0,,57967.0,1469.0,107.2,15.4,839.8929,1.34,8.5,125245.0,7276.1,85.9397,
1997-12-01,,31548.0,,58401.0,1456.0,102.1,15.9,845.1077,1.36,8.5,125383.0,7318.6,86.2047,
1998-01-01,,29645.0,,56811.0,1555.0,106.6,15.6,855.619,1.39,8.5,122832.0,7387.7,86.6474,
1998-02-01,,31478.0,,59362.0,1647.0,110.4,15.4,862.3198,1.36,8.5,123608.0,7434.5,86.7612,
1998-03-01,,31053.0,,57672.0,1605.0,106.5,14.5,866.1427,1.37,8.5,124330.0,7481.4,86.8198,
1998-04-01,,30604.0,,55909.0,1547.0,108.7,14.7,864.4014,1.39,8.5,125372.0,7518.6,87.1411,
1998-05-01,,32247.0,,58575.0,1554.0,106.5,14.7,876.0346,1.38,8.5,126456.0,7563.6,87.6952,
1998-06-01,,28440.0,,59020.0,1551.0,105.6,14.1,891.1377,1.41,8.5,127119.0,7601.0,87.145,
1998-07-01,,27961.0,,56670.0,1610.0,105.2,14.1,897.6642,1.43,8.5,126046.0,7633.9,86.8423,
1998-08-01,,31264.0,,57658.0,1654.0,104.4,13.7,903.9492,1.39,8.5,126288.0,7673.9,88.6247,
1998-09-01,,31577.0,,60257.0,1577.0,100.9,14.4,912.37,1.38,8.49,127098.0,7696.6,88.4515,
1998-10-01,,33093.0,,56319.0,1719.0,97.4,14.1,931.3388,1.38,8.12,127876.0,7728.5,89.1677,
1998-11-01,,32463.0,,58162.0,1672.0,102.7,14.5,942.2447,1.38,7.89,128279.0,7766.6,89.1098,
1998-12-01,,33341.0,,60818.0,1742.0,100.5,14.0,939.1835,1.37,7.75,128448.0,7793.5,89.4407,
1999-01-01,,34307.0,,57160.0,1732.0,103.9,13.4,937.8281,1.35,7.75,125697.0,7825.6,89.8594,
1999-02-01,,36055.0,,58576.0,1720.0,108.1,13.8,935.9157,1.34,7.75,126685.0,7855.3,90.3386,
1999-03-01,,35175.0,,59657.0,1665.0,105.7,13.4,944.4636,1.37,7.75,127398.0,7871.7,90.4819,
1999-04-01,,34293.0,,58929.0,1600.0,104.6,13.3,947.2554,1.36,7.75,128543.0,7894.6,90.7274,
1999-05-01,,34526.0,,59814.0,1640.0,106.8,13.4,942.4213,1.34,7.75,129411.0,7918.0,91.352,
1999-06-01,,33971.0,,59045.0,1702.0,107.3,14.3,949.7795,1.35,7.75,130138.0,7948.6,91.1994,
1999-07-01,,33673.0,,62074.0,1682.0,106.0,13.6,958.5182,1.35,8.0,129269.0,7984.2,91.7766,
1999-08-01,,34345.0,,61732.0,1671.0,104.5,13.1,969.0891,1.33,8.06,129324.0,8036.9,92.1629,
1999-09-01,,34359.0,,63231.0,1551.0,107.2,13.1,975.1578,1.34,8.25,130102.0,8065.3,91.774,
1999-10-01,,35512.0,,61451.0,1649.0,103.2,13.3,978.2401,1.33,8.25,131037.0,8132.2,92.9979,
1999-11-01,,33332.0,,61849.0,1672.0,107.2,12.9,1000.2929,1.34,8.37,131497.0,8200.2,93.4371,
1999-12-01,,33505.0,,65451.0,1683.0,105.4,12.9,1001.049,1.34,8.5,131634.0,8289.7,94.1593,
2000-01-01,,35369.0,,63975.0,1727.0,112.0,13.1,1003.6327,1.31,8.5,128992.0,8396.8,94.1758,
2000-02-01,,33802.0,,58497.0,1692.0,111.3,12.6,1016.5879,1.37,8.73,129655.0,8458.0,94.4557,
2000-03-01,,33582.0,,63642.0,1651.0,107.1,12.7,1026.3008,1.34,8.83,130751.0,8516.9,94.798,
2000-04-01,,34112.0,,64414.0,1597.0,109.2,12.4,1035.2,1.32,9.0,131749.0,8551.4,95.4808,
2000-05-01,,33061.0,,63753.0,1543.0,110.7,12.6,1052.0774,1.35,9.24,132705.0,8586.8,95.6435,
2000-06-01,,32376.0,,68292.0,1572.0,106.4,12.3,1062.814,1.34,9.5,133217.0,8637.0,95.7353,
2000-07-01,,31981.0,,63581.0,1542.0,108.3,13.4,1068.5859,1.35,9.5,131998.0,8701.1,95.5906,
2000-08-01,,29773.0,,64759.0,1552.0,107.3,12.9,1071.6751,1.38,9.5,132009.0,8742.0,95.3112,
2000-09-01,,33656.0,,66733.0,1570.0,106.8,12.2,1072.9321,1.34,9.5,132677.0,8779.7,95.679,
2000-10-01,,32437.0,,63580.0,1577.0,105.8,12.7,1077.9229,1.38,9.5,133236.0,8803.4,95.397,
2000-11-01,,31028.0,,62569.0,1614.0,107.6,12.4,1080.4672,1.39,9.5,133600.0,8814.1,95.4229,
2000-12-01,,30631.0,,62554.0,1543.0,98.4,12.5,1085.2815,1.37,9.5,133542.0,8843.8,95.1573,
2001-01-01,,28327.0,,60808.0,1699.0,94.7,12.7,1094.094,1.41,9.05,130668.0,8947.6,94.5448,
2001-02-01,,30131.0,,60697.0,1656.0,90.6,12.8,1094.2947,1.38,8.5,131334.0,8985.7,93.9398,
2001-03-01,,30159.0,,58146.0,1659.0,91.5,12.8,1092.0526,1.39,8.32,131929.0,9018.6,93.7201,
2001-04-01,,29354.0,,54841.0,1666.0,88.4,12.4,1089.1756,1.42,7.8,132335.0,9013.4,93.4469,
2001-05-01,,30935.0,,56599.0,1665.0,92.0,12.1,1084.1821,1.38,7.24,133042.0,9011.7,92.876,
2001-06-01,,30441.0,,55428.0,1626.0,92.6,12.7,1072.0719,1.39,6.98,133420.0,9015.6,92.3208,
2001-07-01,,30927.0,,53436.0,1598.0,92.4,12.9,1063.9768,1.39,6.75,131932.0,9011.7,91.7933,
2001-08-01,,31176.0,,54169.0,1615.0,91.5,13.3,1055.8506,1.36,6.67,131861.0,9003.1,91.6795,
2001-09-01,,29162.0,,50735.0,1565.0,81.8,13.2,1059.2482,1.38,6.28,132127.0,8987.6,91.3289,
2001-10-01,,29859.0,,49736.0,1566.0,82.7,13.3,1044.5531,1.37,5.53,132329.0,9017.2,90.9315,
2001-11-01,,31309.0,,51335.0,1651.0,83.9,14.3,1034.0188,1.36,5.1,132141.0,9023.9,90.486,
2001-12-01,,32059.0,,51290.0,1680.0,88.8,14.5,1021.7983,1.33,4.84,131759.0,9031.0,90.5073,
2002-01-01,,32011.0,,47416.0,1665.0,93.0,14.7,1012.1268,1.33,4.75,128875.0,9046.9,91.0794,
2002-02-01,,31261.0,,50422.0,1787.0,90.7,15.0,1016.827,1.31,4.75,129347.0,9056.6,91.0553,
2002-03-01,,29902.0,,47371.0,1691.0,95.7,15.4,1011.8697,1.3,4.75,129954.0,9069.9,91.798,
2002-04-01,,33850.0,,49964.0,1669.0,93.0,16.3,1000.2754,1.28,4.75,130543.0,9122.2,92.1771,
2002-05-01,,33383.0,,50680.0,1716.0,96.9,16.8,990.9856,1.27,4.75,131314.0,9148.5,92.5668,
2002-06-01,,32769.0,,48847.0,1758.0,92.4,16.9,984.1179,1.27,4.75,131696.0,9175.8,93.4476,
2002-07-01,,34340.0,,49531.0,1738.0,88.1,16.9,976.6672,1.28,4.75,130254.0,9161.9,93.2237,
2002-08-01,,34391.0,,51112.0,1695.0,87.6,16.5,972.462,1.27,4.75,130340.0,9172.4,93.2359,
2002-09-01,,33326.0,,48089.0,1803.0,86.1,17.6,966.2924,1.27,4.75,130860.0,9189.0,93.3654,
2002-10-01,,34529.0,,49106.0,1799.0,80.6,17.8,962.8162,1.28,4.75,131530.0,9222.7,93.0834,
2002-11-01,,33757.0,,49620.0,1771.0,84.2,17.6,960.5241,1.27,4.35,131651.0,9253.9,93.5693,
2002-12-01,,32788.0,,48744.0,1896.0,86.7,18.5,957.8306,1.3,4.25,131243.0,9287.8,93.1103,
2003-01-01,,34936.0,,48896.0,1808.0,82.4,18.5,950.3755,1.28,4.25,128561.0,9295.1,93.8198,
2003-02-01,,34336.0,,49128.0,1854.0,79.9,18.5,941.6423,1.27,4.25,128978.0,9305.6,93.9532,
2003-03-01,,34082.0,,51757.0,1757.0,77.6,18.1,937.54,1.26,4.25,129474.0,9344.6,93.7358,
2003-04-01,,33536.0,,49199.0,1803.0,86.0,19.4,935.1038,1.3,4.25,130132.0,9364.6,93.0657,
2003-05-01,,34324.0,,50849.0,1835.0,92.1,19.0,924.0931,1.28,4.25,130892.0,9423.2,93.0918,
2003-06-01,,34353.0,,49941.0,1875.0,89.7,19.9,917.4002,1.26,4.22,131222.0,9465.6,93.2476,
2003-07-01,,36246.0,,49408.0,1885.0,90.9,19.7,921.4766,1.23,4.0,129883.0,9501.3,93.6582,
2003-08-01,,33995.0,,50447.0,1966.0,89.3,19.2,909.6886,1.24,4.0,129936.0,9544.5,93.5246,
2003-09-01,,36628.0,,51971.0,1961.0,87.7,19.5,899.8921,1.21,4.0,130591.0,9580.9,94.0751,
2003-10-01,,36308.0,,51088.0,2012.0,89.6,19.3,886.9382,1.21,4.0,131384.0,9617.8,94.2079,
2003-11-01,,35731.0,,52318.0,1918.0,93.7,19.9,881.7904,1.2,4.0,131548.0,9688.0,94.9338,
2003-12-01,,35080.0,,53325.0,1987.0,92.6,19.8,883.6138,1.2,4.0,131368.0,9719.3,94.8662,
2004-01-01,,34731.0,,50190.0,1952.0,103.8,19.9,876.4184,1.2,4.0,128709.0,9737.2,95.1085,
2004-02-01,,35562.0,,51210.0,1966.0,94.4,20.1,874.578,1.2,4.0,129320.0,9772.3,95.6847,
2004-03-01,,37237.0,,54995.0,2066.0,95.8,19.8,869.3982,1.17,4.0,130361.0,9824.2,95.2088,
2004-04-01,,34958.0,,52065.0,2070.0,94.2,19.6,864.5074,1.18,4.0,131477.0,9880.9,95.6385,
2004-05-01,,34080.0,,52405.0,2150.0,90.2,19.8,862.8686,1.18,4.0,132380.0,9969.6,96.3966,
2004-06-01,,34394.0,,53213.0,2020.0,95.6,20.5,869.1784,1.19,4.01,132825.0,10010.3,95.6019,
2004-07-01,,31368.0,,53699.0,2112.0,96.7,18.8,878.0782,1.2,4.25,131664.0,10054.1,96.3385,
2004-08-01,,34516.0,,51950.0,2056.0,95.9,18.8,883.0326,1.19,4.43,131685.0,10098.6,96.4095,
2004-09-01,,34385.0,,56227.0,2041.0,94.2,19.4,886.8249,1.19,4.58,132400.0,10131.5,96.4907,
2004-10-01,,33977.0,,53948.0,2097.0,91.7,19.5,889.2947,1.17,4.75,133380.0,10184.1,97.4094,
2004-11-01,,35563.0,,55318.0,2079.0,92.8,19.7,897.6319,1.18,4.93,133631.0,10202.0,97.6137,
2004-12-01,,35638.0,,56631.0,2082.0,97.1,19.4,906.4231,1.17,5.15,133400.0,10556.1,98.3318,
2005-01-01,,34201.0,,57884.0,2139.0,95.5,19.5,921.4741,1.16,5.25,130696.0,10292.1,98.7845,
2005-02-01,,34873.0,,57580.0,2114.0,94.1,19.1,931.8712,1.18,5.49,131519.0,10329.4,99.4639,
2005-03-01,,33079.0,,56576.0,2062.0,92.6,19.5,945.8578,1.19,5.58,132358.0,10393.9,99.3061,
2005-04-01,,35209.0,,58138.0,2150.0,87.7,19.6,958.5723,1.17,5.75,133572.0,10457.5,99.4734,
2005-05-01,,34876.0,,57105.0,2085.0,86.9,18.6,968.6685,1.18,5.98,134385.0,10511.5,99.6033,
2005-06-01,,34543.0,,58903.0,2178.0,96.0,17.9,975.0906,1.17,6.01,135054.0,10546.6,99.9853,
2005-07-01,,34342.0,,57606.0,2203.0,96.5,17.6,989.5712,1.19,6.25,133993.0,10599.9,99.6692,
2005-08-01,,35889.0,,60352.0,2219.0,89.1,18.4,995.8821,1.16,6.44,134244.0,10658.1,99.9435,
2005-09-01,,37404.0,,58344.0,2263.0,76.9,17.9,1000.9519,1.15,6.59,134871.0,10727.0,98.0779,
2005-10-01,,36277.0,,59751.0,2170.0,74.2,17.9,1014.4711,1.15,6.75,135599.0,10822.7,99.3149,
2005-11-01,,34992.0,,60459.0,2218.0,81.6,17.5,1022.6131,1.15,7.0,136157.0,10890.4,100.3216,
2005-12-01,,35774.0,,61271.0,2120.0,91.5,17.5,1036.1708,1.14,7.15,135956.0,10949.7,100.9437,
2006-01-01,,36115.0,,62469.0,2212.0,91.2,16.9,1048.8537,1.15,7.26,133303.0,11136.9,101.0627,
2006-02-01,,35831.0,,62592.0,2141.0,86.7,17.8,1058.5098,1.16,7.5,134228.0,11192.0,101.0669,
2006-03-01,34.2,36191.0,,65096.0,2118.0,88.9,17.1,1068.7226,1.16,7.53,135209.0,11239.7,101.2751,
2006-04-01,34.3,34888.0,,63272.0,1998.0,87.4,16.7,1084.9874,1.19,7.75,136123.0,11291.8,101.6813,
2006-05-01,34.3,36780.0,,64145.0,1905.0,79.1,17.1,1103.2076,1.17,7.93,136928.0,11313.6,101.579,
2006-06-01,34.4,36700.0,,63601.0,1867.0,84.9,16.6,1118.8054,1.19,8.02,137432.0,11366.6,101.9693,
2006-07-01,34.4,32293.0,,63922.0,1763.0,84.7,17.1,1130.5394,1.22,8.25,136255.0,11393.4,101.9319,
2006-08-01,34.3,33904.0,,64379.0,1722.0,82.0,17.1,1152.2971,1.21,8.25,136462.0,11424.0,102.3327,
2006-09-01,34.4,33161.0,,66981.0,1655.0,85.4,17.1,1151.2124,1.25,8.25,137131.0,11470.7,102.1252,
2006-10-01,34.3,33778.0,,66492.0,1570.0,93.6,16.3,1161.3249,1.26,8.25,137831.0,11510.1,102.0668,
2006-11-01,34.4,33700.0,,66484.0,1535.0,92.1,16.2,1169.981,1.25,8.25,138217.0,11570.4,101.9688,
2006-12-01,34.4,36221.0,,65935.0,1638.0,91.7,16.1,1182.5976,1.22,8.25,138106.0,11671.2,103.0292,
2007-01-01,34.3,33741.0,,64015.0,1626.0,96.9,16.3,1192.5042,1.25,8.25,135317.0,11744.7,102.4933,
2007-02-01,34.3,34131.0,,63882.0,1598.0,91.3,16.7,1205.107,1.23,8.25,136008.0,11838.3,103.5264,
2007-03-01,34.4,35076.0,,66935.0,1596.0,88.4,17.8,1215.8211,1.22,8.25,136906.0,11927.2,103.7521,
2007-04-01,34.3,35810.0,,66049.0,1470.0,87.1,16.9,1226.4713,1.22,8.25,137712.0,11955.5,104.4814,
2007-05-01,34.4,36145.0,,64811.0,1493.0,88.3,16.6,1244.4636,1.21,8.25,138655.0,11982.7,104.5322,
2007-06-01,34.5,35913.0,,64999.0,1407.0,85.3,16.5,1263.8716,1.22,8.25,139157.0,11992.7,104.5617,
2007-07-01,34.4,36513.0,,65147.0,1361.0,90.4,17.2,1281.6461,1.22,8.25,137760.0,12017.6,104.5227,
2007-08-01,34.4,35913.0,,66192.0,1321.0,83.4,17.0,1307.6494,1.22,8.25,137872.0,12028.5,104.7556,
2007-09-01,34.4,34447.0,,65178.0,1261.0,83.4,16.3,1350.0489,1.23,8.03,138437.0,12098.9,105.1611,
2007-10-01,34.3,35181.0,,65144.0,1192.0,80.9,17.0,1374.7984,1.22,7.74,139180.0,12109.7,104.7171,
2007-11-01,34.4,34931.0,,65239.0,1224.0,76.1,17.3,1393.7223,1.2,7.5,139492.0,12161.6,105.3338,
2007-12-01,34.4,34044.0,,68163.0,1149.0,75.5,16.6,1417.714,1.22,7.33,139279.0,12235.9,105.3457,
2008-01-01,34.4,33781.0,,68229.0,1094.0,78.4,17.5,1441.0683,1.22,6.98,136250.0,12278.6,105.0619,
2008-02-01,34.4,33725.0,,66452.0,1014.0,70.8,16.9,1449.1852,1.22,6.0,136769.0,12311.0,104.7094,
2008-03-01,34.5,30618.0,,66337.0,967.0,69.5,16.5,1470.7794,1.24,5.66,137361.0,12355.4,104.4616,
2008-04-01,34.3,31541.0,,69555.0,1008.0,62.6,16.9,1490.0786,1.2,5.24,137896.0,12342.8,103.6704,
2008-05-01,34.4,30704.0,,68572.0,995.0,59.8,16.6,1491.1729,1.2,5.0,138470.0,12910.1,103.0863,
2008-06-01,34.4,30747.0,,67759.0,1180.0,56.4,17.1,1498.2093,1.2,5.0,138665.0,12675.0,102.8445,
2008-07-01,34.3,29320.0,,67754.0,921.0,61.2,17.0,1512.0212,1.2,5.0,137185.0,12518.8,102.3002,
2008-08-01,34.3,28630.0,,66479.0,858.0,63.0,17.7,1513.7113,1.24,5.0,137077.0,12428.1,100.7353,
2008-09-01,34.2,29037.0,,63556.0,797.0,70.3,18.6,1530.9441,1.27,5.0,137130.0,12454.6,96.3666,
2008-10-01,34.2,26935.0,,59439.0,736.0,57.6,19.9,1586.5386,1.31,4.56,137425.0,12438.7,97.2832,
2008-11-01,34.1,26135.0,,60513.0,626.0,55.3,18.9,1575.5589,1.39,4.0,136743.0,12372.0,96.0605,
2008-12-01,33.9,24497.0,,55732.0,554.0,60.1,19.9,1558.8197,1.42,3.61,135715.0,12221.4,93.2521,
2009-01-01,34.0,22504.0,,49523.0,545.0,61.2,19.8,1544.8884,1.46,3.25,132024.0,12085.5,91.0373,
2009-02-01,34.0,21736.0,,50247.0,558.0,56.3,20.2,1532.7583,1.43,3.25,131791.0,11963.4,90.4502,
2009-03-01,33.8,21850.0,,48959.0,513.0,57.3,20.9,1511.3268,1.46,3.25,131658.0,11920.0,89.016,
2009-04-01,33.8,21686.0,,47043.0,521.0,65.1,21.7,1491.5976,1.46,3.25,131842.0,11994.1,88.3056,
2009-05-01,33.8,20841.0,,48777.0,556.0,68.7,22.4,1469.3793,1.45,3.25,132115.0,12187.1,87.4155,
2009-06-01,33.7,19562.0,,50508.0,601.0,70.8,23.9,1436.2865,1.4,3.25,131934.0,12068.4,87.0742,
2009-07-01,33.8,21525.0,,51053.0,595.0,66.0,25.1,1395.3137,1.39,3.25,130336.0,12021.2,88.0323,
2009-08-01,33.8,22490.0,,50126.0,616.0,65.7,25.3,1363.5273,1.36,3.25,130215.0,12027.4,89.019,
2009-09-01,33.9,22778.0,,52991.0,609.0,73.5,26.6,1337.6999,1.33,3.25,130573.0,12066.4,89.6926,
2009-10-01,33.8,23406.0,,52061.0,583.0,70.6,27.5,1307.8445,1.32,3.25,131172.0,12061.6,89.9797,
2009-11-01,33.9,24534.0,,52778.0,623.0,67.4,28.9,1290.1174,1.31,3.25,131220.0,12123.7,90.3375,
2009-12-01,33.9,25155.0,,54427.0,664.0,72.5,29.7,1265.2664,1.29,3.25,130673.0,12190.6,90.6132,
2010-01-01,34.1,26250.0,,52365.0,636.0,74.4,30.3,1238.7269,1.28,3.25,127804.0,12264.2,91.6642,
2010-02-01,33.8,23734.0,,53386.0,650.0,73.6,29.8,1223.6145,1.3,3.25,128239.0,12254.8,91.994,
2010-03-01,34.0,24603.0,,56130.0,687.0,73.6,31.6,1210.116,1.28,3.25,129073.0,12308.6,92.5993,
2010-04-01,34.1,25512.0,,52604.0,637.0,72.2,33.3,1207.4763,1.27,3.25,130196.0,12414.3,92.9436,
2010-05-01,34.1,26152.0,,57162.0,575.0,73.6,34.0,1196.7198,1.28,3.25,131314.0,12520.9,94.2997,
2010-06-01,34.1,26565.0,,59728.0,587.0,76.0,34.5,1190.1019,1.29,3.25,131432.0,12542.8,94.4397,
2010-07-01,34.1,28120.0,,56453.0,579.0,67.8,33.9,1188.9424,1.28,3.25,130094.0,12590.6,94.8536,
2010-08-01,34.2,28207.0,,58633.0,580.0,68.9,33.7,1187.8411,1.28,3.25,130158.0,12653.7,95.1448,
2010-09-01,34.3,28711.0,,59839.0,563.0,68.2,33.4,1185.9536,1.28,3.25,130652.0,12663.7,95.3637,
2010-10-01,34.3,28496.0,,57751.0,558.0,67.7,34.0,1184.9042,1.28,3.25,131624.0,12725.5,95.1109,
2010-11-01,34.2,28009.0,,60426.0,560.0,71.6,33.9,1187.0883,1.29,3.25,131930.0,12780.0,95.1383,
2010-12-01,34.3,28920.0,,61858.0,632.0,74.5,34.7,1192.4544,1.28,3.25,131624.0,12900.2,96.0599,
2011-01-01,34.2,28746.0,,60696.0,576.0,74.2,37.2,1196.0395,1.27,3.25,128761.0,13104.4,95.9364,
2011-02-01,34.3,28858.0,,59049.0,542.0,77.5,37.4,1199.7777,1.28,3.25,129575.0,13176.1,95.5154,
2011-03-01,34.3,30530.0,,62057.0,583.0,67.5,39.1,1206.9258,1.25,3.25,130481.0,13194.2,96.4643,
2011-04-01,34.4,27926.0,,61957.0,581.0,69.8,38.7,1214.8129,1.28,3.25,131698.0,13226.3,96.1187,
2011-05-01,34.3,27726.0,,63863.0,618.0,74.3,39.6,1228.9047,1.3,3.25,132382.0,13255.6,96.3377,
2011-06-01,34.3,28220.0,,63492.0,636.0,71.5,39.9,1233.6051,1.29,3.25,132871.0,13319.9,96.6154,
2011-07-01,34.4,29979.0,,64870.0,621.0,63.7,40.7,1244.2791,1.29,3.25,131597.0,13391.0,97.1292,
2011-08-01,34.3,27890.0,,64663.0,647.0,55.8,40.5,1263.3391,1.29,3.25,131872.0,13409.0,97.6731,
2011-09-01,34.4,27607.0,,65559.0,610.0,59.5,40.4,1269.7254,1.29,3.25,132618.0,13406.1,97.6494,
2011-10-01,34.4,29634.0,,67585.0,671.0,60.8,38.7,1280.087,1.3,3.25,133541.0,13423.3,98.3222,
2011-11-01,34.4,28908.0,,65081.0,706.0,63.7,40.2,1292.885,1.3,3.25,133876.0,13442.9,98.2433,
2011-12-01,34.4,29150.0,,68520.0,697.0,69.9,40.4,1303.8461,1.29,3.25,133701.0,13572.4,98.7876,
2012-01-01,34.5,29958.0,,67740.0,712.0,75.0,40.2,1321.3351,1.29,3.25,131095.0,13682.5,99.3925,
2012-02-01,34.5,29799.0,,69729.0,738.0,75.3,39.7,1344.4506,1.28,3.25,132049.0,13799.6,99.6203,
2012-03-01,34.4,30200.0,,69443.0,806.0,76.2,39.3,1351.0649,1.29,3.25,132953.0,13874.9,99.1551,
2012-04-01,34.5,32073.0,,67904.0,732.0,76.4,39.2,1368.4692,1.29,3.25,133836.0,13945.8,99.9006,
2012-05-01,34.4,32169.0,,69087.0,796.0,79.3,39.6,1378.9099,1.29,3.25,134650.0,13941.5,100.0924,
2012-06-01,34.4,32151.0,,66981.0,794.0,73.2,40.3,1397.9694,1.31,3.25,134987.0,13953.2,100.0728,
2012-07-01,34.4,31686.0,,65108.0,849.0,72.3,39.3,1413.7062,1.32,3.25,133778.0,13872.7,100.3354,
2012-08-01,34.4,30943.0,,63671.0,840.0,74.3,39.6,1425.8603,1.31,3.25,134157.0,13877.0,99.856,
2012-09-01,34.4,31224.0,,63851.0,930.0,78.3,39.8,1434.3848,1.3,3.25,134785.0,13996.6,99.9049,
2012-10-01,34.4,30263.0,,65817.0,887.0,82.6,39.6,1449.236,1.31,3.25,135632.0,14141.4,100.1167,
2012-11-01,34.4,31280.0,,66737.0,917.0,82.7,39.0,1457.2492,1.3,3.25,136021.0,14335.4,100.5991,
2012-12-01,34.5,31262.0,,66397.0,941.0,72.9,37.6,1474.4952,1.3,3.25,135946.0,14701.1,100.9542,
2013-01-01,34.4,32161.0,,69666.0,940.0,73.8,35.6,1484.9719,1.3,3.25,133064.0,14003.4,100.8204,
2013-02-01,34.5,33235.0,,66186.0,980.0,77.6,36.4,1491.4968,1.28,3.25,134102.0,13994.1,101.3995,
2013-03-01,34.5,32387.0,,65911.0,936.0,78.6,37.0,1499.9293,1.31,3.25,134901.0,14006.2,101.8114,
2013-04-01,34.4,33468.0,,67245.0,1012.0,76.4,36.5,1507.2717,1.31,3.25,135906.0,14061.1,101.6364,
2013-05-01,34.5,33021.0,,69054.0,1003.0,84.5,36.8,1510.3513,1.29,3.25,136799.0,14150.7,101.7476,
2013-06-01,34.5,33376.0,,68803.0,942.0,84.1,36.4,1521.8073,1.3,3.25,137208.0,14193.1,101.9549,
2013-07-01,34.4,32545.0,,65978.0,997.0,85.1,37.3,1531.8474,1.3,3.25,136034.0,14181.0,101.5204,
2013-08-01,34.5,33925.0,,65882.0,964.0,82.1,37.6,1533.3723,1.29,3.25,136471.0,14227.8,102.1907,
2013-09-01,34.4,33786.0,,66200.0,1004.0,77.5,37.4,1539.9217,1.3,3.25,137079.0,14287.2,102.717,
2013-10-01,34.4,34808.0,,64322.0,1044.0,73.2,35.1,1549.1465,1.29,3.25,138001.0,14279.6,102.5371,
2013-11-01,34.5,36729.0,,68263.0,1029.0,75.1,36.6,1558.494,1.27,3.25,138526.0,14354.2,102.8379,
2013-12-01,34.4,33758.0,,66857.0,1007.0,82.5,36.5,1574.3372,1.29,3.25,138275.0,14434.6,103.1504,
2014-01-01,34.4,33082.0,,67962.0,983.0,81.2,35.1,1586.6217,1.3,3.25,135471.0,14537.3,102.7216,
2014-02-01,34.3,35331.0,,67110.0,1045.0,81.6,36.5,1619.8687,1.29,3.25,136211.0,14638.0,103.5917,
2014-03-01,34.5,35546.0,,68192.0,1062.0,80.0,35.3,1634.23,1.3,3.25,137169.0,14742.5,104.5889,
2014-04-01,34.5,34905.0,,66236.0,1085.0,84.1,34.9,1651.0168,1.3,3.25,138307.0,14813.5,104.6371,
2014-05-01,34.5,36930.0,,65504.0,1016.0,81.9,34.4,1663.7002,1.31,3.25,139219.0,14886.8,105.0152,
2014-06-01,34.5,35780.0,,69424.0,1003.0,82.5,33.9,1676.9407,1.3,3.25,139806.0,14972.0,105.4081,
2014-07-01,34.5,38570.0,,67521.0,1073.0,81.8,32.7,1694.979,1.3,3.25,138727.0,15049.2,105.6157,
2014-08-01,34.6,36571.0,,68353.0,1047.0,82.5,32.0,1712.2083,1.3,3.25,139107.0,15126.8,105.4986,
2014-09-01,34.5,36913.0,,69215.0,1076.0,84.6,31.9,1725.4866,1.31,3.25,139793.0,15183.9,105.8138,
2014-10-01,34.6,37302.0,,65372.0,1100.0,86.9,32.3,1729.6508,1.32,3.25,140847.0,15249.3,105.8357,
2014-11-01,34.6,36791.0,,64362.0,1062.0,88.8,32.7,1751.3694,1.34,3.25,141312.0,15315.8,106.6634,
2014-12-01,34.6,38140.0,,65561.0,1074.0,93.6,32.7,1773.3445,1.34,3.25,141308.0,15385.4,106.5085,
2015-01-01,34.5,35825.0,,65854.0,1057.0,98.1,32.0,1791.2947,1.38,3.25,138493.0,15431.4,105.9806,
2015-02-01,34.6,35693.0,,64254.0,1131.0,95.4,31.2,1807.8646,1.38,3.25,139324.0,15501.3,105.4425,
2015-03-01,34.5,38740.0,,64321.0,1071.0,93.0,30.5,1834.4825,1.37,3.25,140081.0,15502.9,105.1464,
2015-04-01,34.5,37706.0,,63970.0,1161.0,95.9,30.9,1847.9465,1.38,3.25,141264.0,15599.0,104.5272,
2015-05-01,34.5,38368.0,,62649.0,1270.0,90.7,30.7,1863.7503,1.38,3.25,142206.0,15696.1,104.0742,
2015-06-01,34.5,39210.0,,63225.0,1367.0,96.1,28.4,1880.6752,1.38,3.25,142681.0,15760.0,103.7174,
2015-07-01,34.5,40096.0,,63979.0,1136.0,93.1,28.1,1890.053,1.39,3.25,141729.0,15806.2,104.3243,
2015-08-01,34.5,39037.0,,63465.0,1166.0,91.9,28.4,1904.204,1.4,3.25,141921.0,15836.0,104.1621,
2015-09-01,34.5,39684.0,,63285.0,1143.0,87.2,25.7,1914.847,1.4,3.25,142479.0,15851.0,103.7768,
2015-10-01,34.6,38747.0,,63011.0,1165.0,90.0,27.5,1927.7815,1.41,3.25,143627.0,15871.2,103.3976,
2015-11-01,34.5,39538.0,,62254.0,1251.0,91.3,27.9,1945.7834,1.41,3.25,144048.0,15859.6,102.6866,
2015-12-01,34.5,39018.0,,59922.0,1213.0,92.6,27.9,1952.8852,1.44,3.37,144046.0,15898.5,102.1014,
2016-01-01,34.6,39969.0,,61849.0,1176.0,92.0,29.2,1963.2389,1.43,3.5,141072.0,15926.1,102.9525,
2016-02-01,34.5,40544.0,,60788.0,1192.0,91.7,29.2,1986.6858,1.43,3.5,141903.0,15922.7,102.2225,
2016-03-01,34.4,39058.0,,60517.0,1113.0,91.0,28.4,2018.708,1.42,3.5,142798.0,15964.1,101.4155,
2016-04-01,34.4,39955.0,,60503.0,1152.0,89.0,28.2,2034.1273,1.42,3.5,143892.0,16001.9,101.5167,
2016-05-01,34.4,38430.0,,59218.0,1188.0,94.7,26.8,2049.1419,1.42,3.5,144541.0,16021.4,101.4298,
2016-06-01,34.4,39044.0,,59724.0,1196.0,93.5,28.1,2052.316,1.41,3.5,145205.0,16063.7,101.8747,
2016-07-01,34.4,39954.0,,60456.0,1187.0,90.0,27.9,2059.2088,1.41,3.5,144232.0,16126.9,102.1325,
2016-08-01,34.3,39832.0,,61821.0,1207.0,89.8,27.5,2053.0085,1.41,3.5,144485.0,16167.8,102.0407,
2016-09-01,34.4,40075.0,,60102.0,1283.0,91.2,26.3,2069.2568,1.4,3.5,145151.0,16231.9,102.0477,
2016-10-01,34.4,39582.0,,60055.0,1281.0,87.2,26.4,2081.6493,1.4,3.5,146033.0,16295.1,102.2485,
2016-11-01,34.3,39215.0,,60578.0,1246.0,93.8,26.0,2088.1788,1.41,3.5,146465.0,16335.6,102.0507,
2016-12-01,34.3,40337.0,,60470.0,1257.0,98.2,26.2,2082.7886,1.37,3.64,146253.0,16397.2,102.9281,
2017-01-01,34.4,40311.0,,62355.0,1321.0,98.5,25.1,2080.5398,1.38,3.75,143377.0,16533.1,103.0366,
2017-02-01,34.3,39374.0,,62687.0,1247.0,96.3,25.4,2081.1129,1.38,3.75,144406.0,16609.0,102.6479,
2017-03-01,34.3,38883.0,,63108.0,1286.0,96.9,25.3,2065.8543,1.38,3.88,145062.0,16670.1,103.343,
2017-04-01,34.4,38383.0,,63572.0,1245.0,97.0,24.3,2069.9082,1.39,4.0,146086.0,16699.6,104.2721,
2017-05-01,34.4,40081.0,,63719.0,1201.0,97.1,24.9,2074.4985,1.37,4.0,146925.0,16768.2,104.4129,
2017-06-01,34.4,39812.0,,63456.0,1317.0,95.0,25.1,2076.5342,1.38,4.13,147568.0,16780.9,104.5849,
2017-07-01,34.4,38739.0,,64123.0,1255.0,93.4,24.9,2079.9233,1.38,4.25,146465.0,16843.9,104.5427,
2017-08-01,34.4,39896.0,,64555.0,1315.0,96.8,24.4,2088.3091,1.37,4.25,146782.0,16918.3,104.0475,
2017-09-01,34.4,39617.0,,68024.0,1261.0,95.1,25.7,2102.5978,1.38,4.25,147170.0,17029.0,104.0502,
2017-10-01,34.4,40044.0,,67140.0,1349.0,100.7,25.5,2106.7211,1.37,4.25,148183.0,17131.3,105.6287,
2017-11-01,34.5,40832.0,,65101.0,1314.0,98.5,25.4,2103.9112,1.35,4.25,148757.0,17227.4,106.193,
2017-12-01,34.5,40151.0,,66707.0,1315.0,95.9,24.0,2102.8654,1.36,4.4,148510.0,17334.7,106.536,
2018-01-01,34.4,41014.0,,66237.0,1384.0,95.7,24.2,2106.1766,1.35,4.5,145412.0,17471.3,106.2655,
2018-02-01,34.5,41722.0,,67522.0,1339.0,99.7,23.1,2109.3436,1.35,4.5,146649.0,17537.4,106.6419,
2018-03-01,34.5,42111.0,,66828.0,1406.0,101.4,24.1,2124.2163,1.35,4.58,147352.0,17612.3,107.2519,
2018-04-01,34.5,42643.0,,67882.0,1376.0,98.8,22.9,2171.4354,1.35,4.75,148329.0,17657.0,108.2223,
2018-05-01,34.5,39641.0,,68034.0,1321.0,98.0,21.1,2177.3723,1.35,4.75,149264.0,17721.3,107.3639,
2018-06-01,34.6,42283.0,,68784.0,1306.0,98.2,21.2,2195.6049,1.34,4.89,149930.0,17796.6,108.1707,
2018-07-01,34.5,44438.0,,69973.0,1316.0,97.9,23.2,2210.1171,1.35,5.0,148766.0,17879.4,108.652,
2018-08-01,34.5,43186.0,,69477.0,1267.0,96.2,22.6,2214.6766,1.34,5.0,149236.0,17951.6,109.5246,
2018-09-01,34.5,43479.0,,69184.0,1288.0,100.1,23.5,2223.1012,1.34,5.03,149548.0,17954.6,109.6749,
2018-10-01,34.5,43968.0,,69904.0,1281.0,98.6,22.3,2238.2661,1.34,5.25,150551.0,18007.0,109.9165,
2018-11-01,34.4,44248.0,,69052.0,1334.0,97.5,22.0,2266.9087,1.35,5.25,151032.0,18036.0,110.5067,
2018-12-01,34.5,44718.0,,67964.0,1339.0,98.3,22.0,2298.595,1.35,5.35,150832.0,18205.5,110.5516,
2019-01-01,34.5,44187.0,,68935.0,1316.0,91.2,20.6,2320.33,1.36,5.5,147879.0,18257.4,110.1185,
2019-02-01,34.4,44117.0,,69166.0,1287.0,93.8,22.0,2328.8848,1.36,5.5,148684.0,18363.5,109.5631,
2019-03-01,34.5,44069.0,,69396.0,1288.0,98.4,22.2,2341.946,1.36,5.5,149359.0,18445.5,109.6811,
2019-04-01,34.4,42909.0,,68629.0,1290.0,97.2,22.8,2341.8409,1.37,5.5,150430.0,18505.7,108.9888,
2019-05-01,34.4,43482.0,,68794.0,1299.0,100.0,24.1,2344.0575,1.38,5.5,151109.0,18546.5,109.2264,
2019-06-01,34.4,44973.0,,69431.0,1232.0,98.2,22.1,2350.2424,1.38,5.5,151739.0,18615.4,109.2774,
2019-07-01,34.3,45146.0,,69435.0,1317.0,98.4,19.7,2357.2524,1.38,5.5,150699.0,18637.2,109.0852,
2019-08-01,34.4,44576.0,,68901.0,1425.0,89.8,22.1,2370.298,1.39,5.25,151141.0,18731.7,109.8543,
2019-09-01,34.4,43233.0,,68533.0,1391.0,93.2,21.7,2362.6229,1.4,5.15,151556.0,18786.4,109.48,
2019-10-01,34.4,42609.0,,69215.0,1461.0,95.5,21.6,2353.7539,1.4,4.99,152570.0,18797.5,109.0086,
2019-11-01,34.3,42744.0,,69193.0,1474.0,96.8,20.2,2359.4105,1.4,4.75,153177.0,18881.6,109.9726,
2019-12-01,34.3,42294.0,,68617.0,1420.0,99.3,20.8,2351.6909,1.4,4.75,152934.0,18922.3,109.5407,
2020-01-01,34.3,,,,1551.0,,21.9,2347.5247,,4.75,150102.0,,109.2026,
