,Average Weekly Hours of All Employees: Total Private,Value of Manufacturers' New Orders for Consumer Goods: Consumer Durable Goods Industries,"Vendor Performance, Percent Reporting Slower Deliveries for United States",Manufacturers' New Orders: Nondefense Capital Goods Excluding Aircraft,New Private Housing Units Authorized by Building Permits,Average (Mean) Duration of Unemployment,"Commercial and Industrial Loans, All Commercial Banks",month
1946-01-01,,,91.0,,,,,1946-01-01
1946-02-01,,,82.0,,,,,1946-02-01
1946-03-01,,,78.0,,,,,1946-03-01
1946-04-01,,,82.0,,,,,1946-04-01
1946-05-01,,,86.0,,,,,1946-05-01
1946-06-01,,,81.0,,,,,1946-06-01
1946-07-01,,,69.0,,,,,1946-07-01
1946-08-01,,,71.0,,,,,1946-08-01
1946-09-01,,,73.0,,,,,1946-09-01
1946-10-01,,,60.0,,,,,1946-10-01
1946-11-01,,,49.0,,,,,1946-11-01
1946-12-01,,,38.0,,,,,1946-12-01
1947-01-01,,,37.0,,,,11.2894,1947-01-01
1947-02-01,,,42.0,,,,11.5179,1947-02-01
1947-03-01,,,34.0,,,,11.7667,1947-03-01
1947-04-01,,,25.0,,,,12.0269,1947-04-01
1947-05-01,,,20.0,,,,12.2788,1947-05-01
1947-06-01,,,24.0,,,,12.4832,1947-06-01
1947-07-01,,,22.0,,,,12.78,1947-07-01
1947-08-01,,,25.0,,,,13.0822,1947-08-01
1947-09-01,,,30.0,,,,13.3523,1947-09-01
1947-10-01,,,31.0,,,,13.6287,1947-10-01
1947-11-01,,,38.0,,,,13.8998,1947-11-01
1947-12-01,,,41.0,,,,14.2053,1947-12-01
1948-01-01,,,35.0,,,8.9,14.4049,1948-01-01
1948-02-01,,,34.0,,,8.4,14.5635,1948-02-01
1948-03-01,,,26.0,,,8.7,14.7454,1948-03-01
1948-04-01,,,36.0,,,8.5,14.9301,1948-04-01
1948-05-01,,,31.0,,,9.1,15.0976,1948-05-01
1948-06-01,,,30.0,,,8.8,15.2158,1948-06-01
1948-07-01,,,36.0,,,8.6,15.2705,1948-07-01
1948-08-01,,,36.0,,,8.8,15.212,1948-08-01
1948-09-01,,,38.0,,,8.5,15.1478,1948-09-01
1948-10-01,,,38.0,,,9.5,15.0945,1948-10-01
1948-11-01,,,32.0,,,7.8,15.0462,1948-11-01
1948-12-01,,,17.0,,,8.1,15.0348,1948-12-01
1949-01-01,,,16.0,,,8.2,14.9254,1949-01-01
1949-02-01,,,12.0,,,8.3,14.7874,1949-02-01
1949-03-01,,,10.0,,,8.3,14.6621,1949-03-01
1949-04-01,,,14.0,,,8.8,14.5149,1949-04-01
1949-05-01,,,12.0,,,9.1,14.3455,1949-05-01
1949-06-01,,,12.0,,,10.0,14.1386,1949-06-01
1949-07-01,,,22.0,,,10.8,14.0212,1949-07-01
1949-08-01,,,38.0,,,11.0,13.923,1949-08-01
1949-09-01,,,53.0,,,11.7,13.8246,1949-09-01
1949-10-01,,,60.0,,,10.9,13.7376,1949-10-01
1949-11-01,,,58.0,,,11.6,13.6548,1949-11-01
1949-12-01,,,50.0,,,11.8,13.5957,1949-12-01
1950-01-01,,,54.0,,,11.3,13.6493,1950-01-01
1950-02-01,,,62.0,,,11.8,13.7957,1950-02-01
1950-03-01,,,60.0,,,12.4,13.9531,1950-03-01
1950-04-01,,,60.0,,,12.6,14.1119,1950-04-01
1950-05-01,,,66.0,,,12.7,14.2519,1950-05-01
1950-06-01,,,64.0,,,13.1,14.388,1950-06-01
1950-07-01,,,88.0,,,12.5,14.7712,1950-07-01
1950-08-01,,,94.0,,,12.2,15.2975,1950-08-01
1950-09-01,,,96.0,,,12.2,15.8075,1950-09-01
1950-10-01,,,88.0,,,12.3,16.3104,1950-10-01
1950-11-01,,,87.0,,,10.7,16.8092,1950-11-01
1950-12-01,,,84.0,,,10.7,17.3061,1950-12-01
1951-01-01,,,84.0,,,10.6,17.7542,1951-01-01
1951-02-01,,,85.0,,,10.8,18.1862,1951-02-01
1951-03-01,,,74.0,,,10.1,18.6363,1951-03-01
1951-04-01,,,58.0,,,10.6,19.1031,1951-04-01
1951-05-01,,,46.0,,,9.9,19.5512,1951-05-01
1951-06-01,,,38.0,,,8.7,20.0031,1951-06-01
1951-07-01,,,34.0,,,9.2,20.2509,1951-07-01
1951-08-01,,,38.0,,,9.1,20.3672,1951-08-01
1951-09-01,,,50.0,,,9.1,20.4775,1951-09-01
1951-10-01,,,50.0,,,8.9,20.6053,1951-10-01
1951-11-01,,,34.0,,,9.7,20.7329,1951-11-01
1951-12-01,,,31.0,,,9.3,20.9657,1951-12-01
1952-01-01,,,28.0,,,9.3,22.1319,1952-01-01
1952-02-01,,,22.0,,,8.8,22.4316,1952-02-01
1952-03-01,,,18.0,,,8.4,22.3763,1952-03-01
1952-04-01,,,19.0,,,9.0,22.138,1952-04-01
1952-05-01,,,23.0,,,7.8,21.9293,1952-05-01
1952-06-01,,,34.0,,,7.3,22.0525,1952-06-01
1952-07-01,,,50.0,,,7.5,22.1461,1952-07-01
1952-08-01,,,47.0,,,7.6,22.3937,1952-08-01
1952-09-01,,,46.0,,,8.1,22.6967,1952-09-01
1952-10-01,,,46.0,,,9.1,23.0685,1952-10-01
1952-11-01,,,44.0,,,9.5,23.4435,1952-11-01
1952-12-01,,,40.0,,,8.8,23.23,1952-12-01
1953-01-01,,,37.0,,,9.3,23.4687,1953-01-01
1953-02-01,,,37.0,,,8.4,23.6226,1953-02-01
1953-03-01,,,40.0,,,8.5,23.6983,1953-03-01
1953-04-01,,,38.0,,,7.8,23.8228,1953-04-01
1953-05-01,,,36.0,,,7.9,23.8827,1953-05-01
1953-06-01,,,34.0,,,8.2,23.7607,1953-06-01
1953-07-01,,,30.0,,,7.9,23.7782,1953-07-01
1953-08-01,,,30.0,,,8.0,23.9951,1953-08-01
1953-09-01,,,25.0,,,7.1,24.0138,1953-09-01
1953-10-01,,,22.0,,,7.2,23.9825,1953-10-01
1953-11-01,,,20.0,,,7.9,23.87,1953-11-01
1953-12-01,,,20.0,,,8.0,23.1686,1953-12-01
1954-01-01,,,21.0,,,8.7,23.0112,1954-01-01
1954-02-01,,,24.0,,,9.5,22.952,1954-02-01
1954-03-01,,,27.0,,,10.6,22.927,1954-03-01
1954-04-01,,,30.0,,,10.9,22.7987,1954-04-01
1954-05-01,,,35.0,,,11.6,22.6694,1954-05-01
1954-06-01,,,36.0,,,12.3,22.5139,1954-06-01
1954-07-01,,,40.0,,,12.5,22.439,1954-07-01
1954-08-01,,,41.0,,,12.8,22.4422,1954-08-01
1954-09-01,,,47.0,,,12.9,22.4805,1954-09-01
1954-10-01,,,53.0,,,13.3,22.5787,1954-10-01
1954-11-01,,,52.0,,,13.2,22.6956,1954-11-01
1954-12-01,,,50.0,,,13.4,22.5382,1954-12-01
1955-01-01,,,54.0,,,13.4,22.8036,1955-01-01
1955-02-01,,,60.0,,,14.2,22.9901,1955-02-01
1955-03-01,,,66.0,,,13.4,23.1876,1955-03-01
1955-04-01,,,71.0,,,14.3,23.3723,1955-04-01
1955-05-01,,,70.0,,,14.4,23.7085,1955-05-01
1955-06-01,,,65.0,,,13.4,24.1102,1955-06-01
1955-07-01,,,70.0,,,13.8,24.5263,1955-07-01
1955-08-01,,,72.0,,,12.3,24.963,1955-08-01
1955-09-01,,,72.0,,,11.7,25.3672,1955-09-01
1955-10-01,,,72.0,,,11.5,25.7546,1955-10-01
1955-11-01,,,66.0,,,11.3,26.4404,1955-11-01
1955-12-01,,,56.0,,,12.0,26.7161,1955-12-01
1956-01-01,,,48.0,,,11.7,27.1736,1956-01-01
1956-02-01,,,46.0,,,12.5,27.6564,1956-02-01
1956-03-01,,,49.0,,,11.6,28.5289,1956-03-01
1956-04-01,,,50.0,,,11.0,29.285,1956-04-01
1956-05-01,,,39.0,,,10.4,29.6299,1956-05-01
1956-06-01,,,40.0,,,10.1,30.263,1956-06-01
1956-07-01,,,56.0,,,10.5,30.7252,1956-07-01
1956-08-01,,,52.0,,,12.0,31.0855,1956-08-01
1956-09-01,,,47.0,,,11.8,31.4451,1956-09-01
1956-10-01,,,44.0,,,11.6,31.8895,1956-10-01
1956-11-01,,,46.0,,,10.9,32.2609,1956-11-01
1956-12-01,,,36.0,,,11.4,32.473,1956-12-01
1957-01-01,,,33.0,,,10.4,32.687,1957-01-01
1957-02-01,,,28.0,,,10.7,32.6895,1957-02-01
1957-03-01,,,25.0,,,10.8,33.0407,1957-03-01
1957-04-01,,,28.0,,,10.6,33.3856,1957-04-01
1957-05-01,,,30.0,,,10.4,33.6362,1957-05-01
1957-06-01,,,29.0,,,10.2,34.0596,1957-06-01
1957-07-01,,,38.0,,,10.1,34.3749,1957-07-01
1957-08-01,,,34.0,,,10.5,34.5961,1957-08-01
1957-09-01,,,32.0,,,9.8,34.5474,1957-09-01
1957-10-01,,,36.0,,,11.1,34.4197,1957-10-01
1957-11-01,,,29.0,,,10.4,34.3325,1957-11-01
1957-12-01,,,25.0,,,10.4,33.8853,1957-12-01
1958-01-01,,,28.0,,,10.5,34.6988,1958-01-01
1958-02-01,,,28.0,,,11.0,34.8623,1958-02-01
1958-03-01,,,32.0,,,11.2,34.7528,1958-03-01
1958-04-01,,,34.0,,,12.1,34.5718,1958-04-01
1958-05-01,,,38.0,,,13.1,34.4375,1958-05-01
1958-06-01,,,38.0,,,14.4,34.2718,1958-06-01
1958-07-01,,,44.0,,,14.6,34.1831,1958-07-01
1958-08-01,,,49.0,,,15.7,34.3612,1958-08-01
1958-09-01,,,57.0,,,16.5,34.5237,1958-09-01
1958-10-01,,,58.0,,,16.5,34.7518,1958-10-01
1958-11-01,,,58.0,,,16.4,34.9156,1958-11-01
1958-12-01,,,52.0,,,15.7,34.9489,1958-12-01
1959-01-01,,,58.0,,,16.3,35.213,1959-01-01
1959-02-01,,,62.0,,,15.5,35.2201,1959-02-01
1959-03-01,,,62.0,,,15.3,35.1304,1959-03-01
1959-04-01,,,62.0,,,14.9,35.5581,1959-04-01
1959-05-01,,,62.0,,,14.7,36.3064,1959-05-01
1959-06-01,,,62.0,,,14.9,37.1404,1959-06-01
1959-07-01,,,60.0,,,14.3,37.6645,1959-07-01
1959-08-01,,,62.0,,,13.7,38.089,1959-08-01
1959-09-01,,,64.0,,,13.7,38.2605,1959-09-01
1959-10-01,,,64.0,,,12.9,38.4113,1959-10-01
1959-11-01,,,56.0,,,13.1,38.6978,1959-11-01
1959-12-01,,,50.0,,,13.1,39.2932,1959-12-01
1960-01-01,,,44.0,,1092.0,13.5,39.6291,1960-01-01
1960-02-01,,,30.0,,1088.0,13.1,39.7872,1960-02-01
1960-03-01,,,27.0,,955.0,13.0,40.018,1960-03-01
1960-04-01,,,28.0,,1016.0,12.6,40.5152,1960-04-01
1960-05-01,,,32.0,,1052.0,11.9,40.8926,1960-05-01
1960-06-01,,,34.0,,958.0,11.9,41.3564,1960-06-01
1960-07-01,,,36.0,,999.0,12.6,41.3958,1960-07-01
1960-08-01,,,40.0,,994.0,12.2,41.3249,1960-08-01
1960-09-01,,,41.0,,984.0,12.9,41.4006,1960-09-01
1960-10-01,,,39.0,,972.0,13.5,41.5247,1960-10-01
1960-11-01,,,38.0,,979.0,13.9,41.6827,1960-11-01
1960-12-01,,,38.0,,951.0,12.4,42.1051,1960-12-01
1961-01-01,,,38.0,,969.0,13.7,42.0358,1961-01-01
1961-02-01,,,40.0,,961.0,13.6,41.9503,1961-02-01
1961-03-01,,,40.0,,1000.0,14.1,42.0518,1961-03-01
1961-04-01,,,47.0,,1002.0,15.5,42.2127,1961-04-01
1961-05-01,,,48.0,,1027.0,15.6,42.1342,1961-05-01
1961-06-01,,,48.0,,1070.0,16.2,42.4519,1961-06-01
1961-07-01,,,49.0,,1083.0,17.3,42.5813,1961-07-01
1961-08-01,,,52.0,,1159.0,17.0,42.6567,1961-08-01
1961-09-01,,,55.0,,1098.0,16.1,42.7707,1961-09-01
1961-10-01,,,55.0,,1123.0,15.9,42.9778,1961-10-01
1961-11-01,,,51.0,,1152.0,17.0,43.1337,1961-11-01
1961-12-01,,,53.0,,1161.0,15.8,43.7997,1961-12-01
1962-01-01,,,56.0,,1122.0,15.3,43.9853,1962-01-01
1962-02-01,,,56.0,,1194.0,16.0,43.8688,1962-02-01
1962-03-01,,,55.0,,1134.0,15.0,44.1012,1962-03-01
1962-04-01,,,48.0,,1235.0,14.9,44.5398,1962-04-01
1962-05-01,,,46.0,,1142.0,15.5,44.8413,1962-05-01
1962-06-01,,,42.0,,1154.0,15.1,45.5419,1962-06-01
1962-07-01,,,44.0,,1189.0,14.6,45.7268,1962-07-01
1962-08-01,,,44.0,,1200.0,14.5,45.9234,1962-08-01
1962-09-01,,,48.0,,1223.0,14.1,46.3736,1962-09-01
1962-10-01,,,48.0,,1181.0,14.1,46.8487,1962-10-01
1962-11-01,,,48.0,,1236.0,13.3,47.1998,1962-11-01
1962-12-01,,,48.0,,1236.0,13.6,47.4376,1962-12-01
1963-01-01,,,50.0,,1248.0,13.8,47.6623,1963-01-01
1963-02-01,,,52.0,,1212.0,14.1,47.8294,1963-02-01
1963-03-01,,,54.0,,1258.0,14.5,47.9739,1963-03-01
1963-04-01,,,60.0,,1288.0,14.5,48.3917,1963-04-01
1963-05-01,,,58.0,,1350.0,14.5,48.649,1963-05-01
1963-06-01,,,54.0,,1345.0,14.0,49.2469,1963-06-01
1963-07-01,,,42.0,,1321.0,14.0,49.4664,1963-07-01
1963-08-01,,,48.0,,1310.0,13.9,49.4768,1963-08-01
1963-09-01,,,52.0,,1413.0,14.2,49.8225,1963-09-01
1963-10-01,,,48.0,,1414.0,13.9,50.4111,1963-10-01
1963-11-01,,,48.0,,1357.0,13.3,51.2382,1963-11-01
1963-12-01,,,46.0,,1423.0,13.3,52.1741,1963-12-01
1964-01-01,,,55.0,,1296.0,13.5,52.4186,1964-01-01
1964-02-01,,,54.0,,1442.0,13.2,52.5482,1964-02-01
1964-03-01,,,60.0,,1313.0,13.5,52.7139,1964-03-01
1964-04-01,,,60.0,,1264.0,12.4,53.229,1964-04-01
1964-05-01,,,63.0,,1299.0,13.6,53.7445,1964-05-01
1964-06-01,,,55.0,,1280.0,13.6,54.2937,1964-06-01
1964-07-01,,,59.0,,1304.0,14.7,54.7159,1964-07-01
1964-08-01,,,65.0,,1306.0,13.0,55.1046,1964-08-01
1964-09-01,,,74.0,,1265.0,12.7,55.7749,1964-09-01
1964-10-01,,,72.0,,1230.0,12.6,56.2908,1964-10-01
1964-11-01,,,70.0,,1254.0,14.0,56.8628,1964-11-01
1964-12-01,,,66.0,,1164.0,12.7,58.3481,1964-12-01
1965-01-01,,,68.0,,1264.0,12.2,59.241,1965-01-01
1965-02-01,,,72.0,,1185.0,12.6,60.0693,1965-02-01
1965-03-01,,,66.0,,1211.0,12.0,61.1489,1965-03-01
1965-04-01,,,72.0,,1162.0,11.4,62.1331,1965-04-01
1965-05-01,,,70.0,,1207.0,11.1,62.925,1965-05-01
1965-06-01,,,66.0,,1241.0,11.6,64.1511,1965-06-01
1965-07-01,,,62.0,,1237.0,11.6,64.8904,1965-07-01
1965-08-01,,,64.0,,1249.0,11.9,65.4792,1965-08-01
1965-09-01,,,62.0,,1227.0,11.9,66.3883,1965-09-01
1965-10-01,,,60.0,,1279.0,12.1,67.05,1965-10-01
1965-11-01,,,66.0,,1306.0,11.7,67.754,1965-11-01
1965-12-01,,,72.0,,1315.0,11.4,69.1577,1965-12-01
1966-01-01,,,74.0,,1325.0,11.9,69.9831,1966-01-01
1966-02-01,,,85.0,,1159.0,11.2,70.683,1966-02-01
1966-03-01,,,86.0,,1234.0,11.1,71.521,1966-03-01
1966-04-01,,,82.0,,1145.0,10.8,72.3728,1966-04-01
1966-05-01,,,75.0,,1078.0,10.2,73.3273,1966-05-01
1966-06-01,,,69.0,,956.0,9.7,75.3919,1966-06-01
1966-07-01,,,70.0,,932.0,9.7,76.7826,1966-07-01
1966-08-01,,,73.0,,877.0,9.8,76.9939,1966-08-01
1966-09-01,,,72.0,,774.0,10.1,77.4883,1966-09-01
1966-10-01,,,70.0,,739.0,10.3,78.0104,1966-10-01
1966-11-01,,,64.0,,736.0,9.7,78.3726,1966-11-01
1966-12-01,,,57.0,,743.0,9.5,78.976,1966-12-01
1967-01-01,,,48.0,,995.0,9.3,79.274,1967-01-01
1967-02-01,,,51.0,,907.0,9.2,79.558,1967-02-01
1967-03-01,,,,,955.0,8.9,80.1231,1967-03-01
1967-04-01,,,,,1035.0,8.8,81.185,1967-04-01
1967-05-01,,,,,1076.0,8.7,81.6022,1967-05-01
1967-06-01,,,,,1169.0,8.3,82.6929,1967-06-01
1967-07-01,,,,,1177.0,8.3,83.7351,1967-07-01
1967-08-01,,,,,1229.0,8.9,83.5123,1967-08-01
1967-09-01,,,,,1279.0,8.4,83.7365,1967-09-01
1967-10-01,,,,,1280.0,8.7,84.1043,1967-10-01
1967-11-01,,,,,1297.0,8.9,84.5959,1967-11-01
1967-12-01,,,,,1315.0,8.6,86.1397,1967-12-01
1968-01-01,,,,,1179.0,9.4,86.5509,1968-01-01
1968-02-01,,,,,1342.0,8.7,86.5981,1968-02-01
1968-03-01,,,,,1370.0,8.5,87.114,1968-03-01
1968-04-01,,,,,1286.0,8.7,88.421,1968-04-01
1968-05-01,,,,,1297.0,8.2,88.9726,1968-05-01
1968-06-01,,,,,1300.0,7.9,89.9295,1968-06-01
1968-07-01,,,,,1344.0,8.4,91.0358,1968-07-01
1968-08-01,,,,,1357.0,8.3,91.2381,1968-08-01
1968-09-01,,,,,1464.0,8.2,91.8452,1968-09-01
1968-10-01,,,,,1421.0,8.4,92.8125,1968-10-01
1968-11-01,,,,,1436.0,8.1,94.47,1968-11-01
1968-12-01,,,,,1389.0,8.2,96.2065,1968-12-01
1969-01-01,,,,,1459.0,8.1,97.1481,1969-01-01
1969-02-01,,,,,1495.0,7.9,98.2963,1969-02-01
1969-03-01,,,,,1438.0,7.9,99.2383,1969-03-01
1969-04-01,,,,,1441.0,7.9,100.7715,1969-04-01
1969-05-01,,,,,1328.0,7.9,101.9454,1969-05-01
1969-06-01,,,,,1349.0,7.7,102.5404,1969-06-01
1969-07-01,,,,,1278.0,7.8,103.0557,1969-07-01
1969-08-01,,,,,1317.0,7.9,103.3067,1969-08-01
1969-09-01,,,,,1263.0,8.0,103.8176,1969-09-01
1969-10-01,,,,,1216.0,7.6,104.3372,1969-10-01
1969-11-01,,,,,1191.0,8.0,105.1854,1969-11-01
1969-12-01,,,,,1155.0,8.0,106.5979,1969-12-01
1970-01-01,,,,,1062.0,7.9,106.2979,1970-01-01
1970-02-01,,,,,1118.0,8.0,105.6953,1970-02-01
1970-03-01,,,,,1132.0,8.3,105.4128,1970-03-01
1970-04-01,,,,,1224.0,8.2,105.6766,1970-04-01
1970-05-01,,,,,1328.0,8.6,106.0118,1970-05-01
1970-06-01,,,,,1322.0,8.6,106.8358,1970-06-01
1970-07-01,,,,,1324.0,8.9,107.677,1970-07-01
1970-08-01,,,,,1394.0,8.8,108.5407,1970-08-01
1970-09-01,,,,,1426.0,8.9,109.5289,1970-09-01
1970-10-01,,,,,1564.0,8.7,109.774,1970-10-01
1970-11-01,,,,,1502.0,9.3,110.1744,1970-11-01
1970-12-01,,,,,1767.0,9.8,111.3578,1970-12-01
1971-01-01,,,,,1643.0,10.5,111.5479,1971-01-01
1971-02-01,,,,,1588.0,10.4,111.8951,1971-02-01
1971-03-01,,,,,1759.0,10.6,111.9877,1971-03-01
1971-04-01,,,,,1745.0,10.9,112.1496,1971-04-01
1971-05-01,,,,,1972.0,11.2,113.0615,1971-05-01
1971-06-01,,,,,1903.0,11.6,114.1265,1971-06-01
1971-07-01,,,,,2069.0,11.5,114.3772,1971-07-01
1971-08-01,,,,,2004.0,11.5,115.6802,1971-08-01
1971-09-01,,,,,1996.0,11.9,116.6745,1971-09-01
1971-10-01,,,,,2026.0,12.6,117.268,1971-10-01
1971-11-01,,,,,2079.0,12.0,117.8104,1971-11-01
1971-12-01,,,,,2133.0,11.5,117.7961,1971-12-01
1972-01-01,,,,,2238.0,12.1,118.1645,1972-01-01
1972-02-01,,,,,2169.0,12.4,118.8982,1972-02-01
1972-03-01,,,,,2105.0,12.3,119.691,1972-03-01
1972-04-01,,,,,2139.0,12.4,121.2319,1972-04-01
1972-05-01,,,,,2067.0,12.3,122.692,1972-05-01
1972-06-01,,,,,2183.0,12.4,123.7672,1972-06-01
1972-07-01,,,,,2195.0,11.8,124.6817,1972-07-01
1972-08-01,,,,,2263.0,11.8,126.0083,1972-08-01
1972-09-01,,,,,2393.0,12.1,126.9574,1972-09-01
1972-10-01,,,,,2354.0,11.7,129.0908,1972-10-01
1972-11-01,,,,,2234.0,11.4,131.5901,1972-11-01
1972-12-01,,,,,2419.0,11.4,133.1093,1972-12-01
1973-01-01,,,,,2271.0,11.0,135.4135,1973-01-01
1973-02-01,,,,,2226.0,10.5,140.7983,1973-02-01
1973-03-01,,,,,2062.0,10.6,144.9576,1973-03-01
1973-04-01,,,,,1908.0,10.0,147.5343,1973-04-01
1973-05-01,,,,,1931.0,10.1,149.9659,1973-05-01
1973-06-01,,,,,2051.0,9.6,152.8292,1973-06-01
1973-07-01,,,,,1819.0,9.6,155.3291,1973-07-01
1973-08-01,,,,,1809.0,9.8,158.0681,1973-08-01
1973-09-01,,,,,1704.0,9.4,158.5066,1973-09-01
1973-10-01,,,,,1411.0,10.2,159.1694,1973-10-01
1973-11-01,,,,,1402.0,9.9,159.9353,1973-11-01
1973-12-01,,,,,1288.0,9.5,161.2113,1973-12-01
1974-01-01,,,,,1331.0,9.5,163.0226,1974-01-01
1974-02-01,,,,,1360.0,9.6,164.772,1974-02-01
1974-03-01,,,,,1440.0,9.7,168.8168,1974-03-01
1974-04-01,,,,,1254.0,9.8,174.9909,1974-04-01
1974-05-01,,,,,1138.0,9.6,177.6309,1974-05-01
1974-06-01,,,,,1086.0,9.7,180.1082,1974-06-01
1974-07-01,,,,,1002.0,9.9,183.9873,1974-07-01
1974-08-01,,,,,917.0,9.8,186.3819,1974-08-01
1974-09-01,,,,,840.0,9.6,187.9941,1974-09-01
1974-10-01,,,,,824.0,9.9,189.2302,1974-10-01
1974-11-01,,,,,783.0,9.6,190.4047,1974-11-01
1974-12-01,,,,,869.0,10.1,191.2761,1974-12-01
1975-01-01,,,,,726.0,10.7,191.5869,1975-01-01
1975-02-01,,,,,729.0,11.7,190.3805,1975-02-01
1975-03-01,,,,,709.0,11.8,188.1191,1975-03-01
1975-04-01,,,,,866.0,12.9,187.4109,1975-04-01
1975-05-01,,,,,914.0,13.4,186.074,1975-05-01
1975-06-01,,,,,946.0,15.3,184.638,1975-06-01
1975-07-01,,,,,1020.0,15.0,183.651,1975-07-01
1975-08-01,,,,,994.0,15.6,182.9282,1975-08-01
1975-09-01,,,,,1064.0,16.1,182.822,1975-09-01
1975-10-01,,,,,1096.0,15.4,182.7142,1975-10-01
1975-11-01,,,,,1110.0,16.6,182.6189,1975-11-01
1975-12-01,,,,,1091.0,16.5,183.3586,1975-12-01
1976-01-01,,,,,1195.0,16.6,182.6481,1976-01-01
1976-02-01,,,,,1190.0,16.3,182.0444,1976-02-01
1976-03-01,,,,,1164.0,16.5,179.4877,1976-03-01
1976-04-01,,,,,1132.0,15.9,177.4755,1976-04-01
1976-05-01,,,,,1194.0,15.0,178.4326,1976-05-01
1976-06-01,,,,,1188.0,16.9,179.102,1976-06-01
1976-07-01,,,,,1245.0,15.7,179.1423,1976-07-01
1976-08-01,,,,,1309.0,15.6,179.7949,1976-08-01
1976-09-01,,,,,1481.0,15.2,181.1732,1976-09-01
1976-10-01,,,,,1425.0,15.2,182.4383,1976-10-01
1976-11-01,,,,,1531.0,15.3,183.9005,1976-11-01
1976-12-01,,,,,1511.0,15.1,185.2478,1976-12-01
1977-01-01,,,,,1466.0,15.2,185.7874,1977-01-01
1977-02-01,,,,,1560.0,14.7,187.4113,1977-02-01
1977-03-01,,,,,1660.0,14.5,189.1547,1977-03-01
1977-04-01,,,,,1660.0,14.4,190.2948,1977-04-01
1977-05-01,,,,,1668.0,14.9,191.7797,1977-05-01
1977-06-01,,,,,1752.0,14.4,193.5548,1977-06-01
1977-07-01,,,,,1687.0,14.3,195.1835,1977-07-01
1977-08-01,,,,,1780.0,13.9,197.4881,1977-08-01
1977-09-01,,,,,1674.0,14.0,198.9991,1977-09-01
1977-10-01,,,,,1758.0,13.7,201.2545,1977-10-01
1977-11-01,,,,,1771.0,13.6,202.9397,1977-11-01
1977-12-01,,,,,1754.0,13.6,204.6774,1977-12-01
1978-01-01,,,,,1740.0,12.9,207.2931,1978-01-01
1978-02-01,,,,,1736.0,12.5,210.259,1978-02-01
1978-03-01,,,,,1799.0,12.4,213.6058,1978-03-01
1978-04-01,,,,,1948.0,12.3,216.9979,1978-04-01
1978-05-01,,,,,1766.0,12.1,220.4005,1978-05-01
1978-06-01,,,,,1983.0,12.1,223.4759,1978-06-01
1978-07-01,,,,,1786.0,12.0,226.2258,1978-07-01
1978-08-01,,,,,1691.0,11.4,228.3623,1978-08-01
1978-09-01,,,,,1751.0,11.4,230.5011,1978-09-01
1978-10-01,,,,,1781.0,11.7,232.9249,1978-10-01
1978-11-01,,,,,1795.0,11.1,235.8062,1978-11-01
1978-12-01,,,,,1818.0,10.6,237.2394,1978-12-01
1979-01-01,,,,,1461.0,11.1,239.757,1979-01-01
1979-02-01,,,,,1492.0,11.2,243.8766,1979-02-01
1979-03-01,,,,,1720.0,11.7,247.8933,1979-03-01
1979-04-01,,,,,1597.0,11.0,253.7609,1979-04-01
1979-05-01,,,,,1684.0,11.1,258.7349,1979-05-01
1979-06-01,,,,,1640.0,10.4,263.4815,1979-06-01
1979-07-01,,,,,1534.0,10.3,267.8631,1979-07-01
1979-08-01,,,,,1591.0,10.6,270.6452,1979-08-01
1979-09-01,,,,,1638.0,10.5,274.3761,1979-09-01
1979-10-01,,,,,1481.0,10.5,276.1506,1979-10-01
1979-11-01,,,,,1276.0,10.6,277.2382,1979-11-01
1979-12-01,,,,,1254.0,10.8,279.7257,1979-12-01
1980-01-01,,,,,1280.0,10.4,281.8501,1980-01-01
1980-02-01,,,,,1199.0,10.6,285.6731,1980-02-01
1980-03-01,,,,,988.0,11.0,289.3844,1980-03-01
1980-04-01,,,,,808.0,11.4,290.6018,1980-04-01
1980-05-01,,,,,861.0,10.9,287.8784,1980-05-01
1980-06-01,,,,,1118.0,11.3,287.0378,1980-06-01
1980-07-01,,,,,1259.0,11.8,288.0583,1980-07-01
1980-08-01,,,,,1367.0,12.4,291.4491,1980-08-01
1980-09-01,,,,,1484.0,12.9,294.7925,1980-09-01
1980-10-01,,,,,1366.0,13.1,299.9573,1980-10-01
1980-11-01,,,,,1383.0,13.6,307.3743,1980-11-01
1980-12-01,,,,,1249.0,13.7,312.0383,1980-12-01
1981-01-01,,,,,1221.0,14.3,312.4522,1981-01-01
1981-02-01,,,,,1199.0,14.1,313.117,1981-02-01
1981-03-01,,,,,1183.0,14.0,314.3933,1981-03-01
1981-04-01,,,,,1190.0,13.9,318.5024,1981-04-01
1981-05-01,,,,,1173.0,13.6,324.08,1981-05-01
1981-06-01,,,,,976.0,13.7,328.1726,1981-06-01
1981-07-01,,,,,935.0,13.8,331.8571,1981-07-01
1981-08-01,,,,,889.0,14.4,336.523,1981-08-01
1981-09-01,,,,,847.0,13.6,338.1155,1981-09-01
1981-10-01,,,,,731.0,13.5,341.1989,1981-10-01
1981-11-01,,,,,748.0,13.1,345.5088,1981-11-01
1981-12-01,,,,,796.0,13.1,350.3077,1981-12-01
1982-01-01,,,,,794.0,13.4,354.8455,1982-01-01
1982-02-01,,,,,808.0,14.1,360.7137,1982-02-01
1982-03-01,,,,,891.0,14.1,363.9746,1982-03-01
1982-04-01,,,,,888.0,14.5,371.0565,1982-04-01
1982-05-01,,,,,953.0,14.9,375.9823,1982-05-01
1982-06-01,,,,,913.0,15.7,380.5642,1982-06-01
1982-07-01,,,,,1044.0,15.4,384.0437,1982-07-01
1982-08-01,,,,,926.0,16.2,385.8593,1982-08-01
1982-09-01,,,,,1042.0,16.6,391.0385,1982-09-01
1982-10-01,,,,,1149.0,17.2,392.3917,1982-10-01
1982-11-01,,,,,1229.0,17.1,391.9751,1982-11-01
1982-12-01,,,,,1351.0,18.1,392.0419,1982-12-01
1983-01-01,,,,,1426.0,19.4,393.1864,1983-01-01
1983-02-01,,,,,1471.0,19.2,393.3556,1983-02-01
1983-03-01,,,,,1475.0,19.4,393.8048,1983-03-01
1983-04-01,,,,,1566.0,19.5,392.4259,1983-04-01
1983-05-01,,,,,1669.0,20.5,391.4906,1983-05-01
1983-06-01,,,,,1769.0,20.8,393.8395,1983-06-01
1983-07-01,,,,,1795.0,21.2,397.7945,1983-07-01
1983-08-01,,,,,1713.0,20.0,401.5866,1983-08-01
1983-09-01,,,,,1585.0,20.2,402.529,1983-09-01
1983-10-01,,,,,1716.0,20.2,405.7486,1983-10-01
1983-11-01,,,,,1668.0,19.7,409.6174,1983-11-01
1983-12-01,,,,,1627.0,19.2,413.9404,1983-12-01
1984-01-01,,,,,1816.0,20.4,415.6054,1984-01-01
1984-02-01,,,,,1987.0,19.0,423.5808,1984-02-01
1984-03-01,,,,,1725.0,19.1,430.9463,1984-03-01
1984-04-01,,,,,1776.0,18.9,437.8374,1984-04-01
1984-05-01,,,,,1741.0,18.8,446.3183,1984-05-01
1984-06-01,,,,,1814.0,18.1,450.9723,1984-06-01
1984-07-01,,,,,1605.0,18.0,455.8009,1984-07-01
1984-08-01,,,,,1530.0,17.3,458.7925,1984-08-01
1984-09-01,,,,,1523.0,17.0,461.9148,1984-09-01
1984-10-01,,,,,1490.0,16.7,466.3545,1984-10-01
1984-11-01,,,,,1643.0,17.0,470.9618,1984-11-01
1984-12-01,,,,,1626.0,16.8,473.3524,1984-12-01
1985-01-01,,,,,1660.0,15.9,472.9554,1985-01-01
1985-02-01,,,,,1662.0,15.9,475.5103,1985-02-01
1985-03-01,,,,,1727.0,16.1,480.1707,1985-03-01
1985-04-01,,,,,1664.0,16.4,479.0361,1985-04-01
1985-05-01,,,,,1709.0,15.3,480.7654,1985-05-01
1985-06-01,,,,,1716.0,15.5,482.2738,1985-06-01
1985-07-01,,,,,1697.0,15.5,487.0751,1985-07-01
1985-08-01,,,,,1808.0,15.3,489.883,1985-08-01
1985-09-01,,,,,1916.0,15.3,494.4002,1985-09-01
1985-10-01,,,,,1743.0,15.3,493.2056,1985-10-01
1985-11-01,,,,,1692.0,15.7,497.0843,1985-11-01
1985-12-01,,,,,1794.0,15.1,498.9112,1985-12-01
1986-01-01,,,,,1847.0,14.8,500.4011,1986-01-01
1986-02-01,,,,,1767.0,15.2,500.8156,1986-02-01
1986-03-01,,,,,1780.0,14.6,505.3787,1986-03-01
1986-04-01,,,,,1858.0,14.7,507.6353,1986-04-01
1986-05-01,,,,,1797.0,14.7,507.9165,1986-05-01
1986-06-01,,,,,1790.0,15.2,511.2105,1986-06-01
1986-07-01,,,,,1780.0,15.2,513.0241,1986-07-01
1986-08-01,,,,,1726.0,15.5,515.0839,1986-08-01
1986-09-01,,,,,1686.0,15.4,517.6907,1986-09-01
1986-10-01,,,,,1675.0,15.2,517.5429,1986-10-01
1986-11-01,,,,,1644.0,15.0,523.8546,1986-11-01
1986-12-01,,,,,1903.0,15.0,539.2405,1986-12-01
1987-01-01,,,,,1690.0,14.9,548.7835,1987-01-01
1987-02-01,,,,,1689.0,14.7,546.9598,1987-02-01
1987-03-01,,,,,1704.0,14.9,548.3291,1987-03-01
1987-04-01,,,,,1601.0,14.8,549.5211,1987-04-01
1987-05-01,,,,,1500.0,14.9,551.5366,1987-05-01
1987-06-01,,,,,1522.0,14.9,554.5086,1987-06-01
1987-07-01,,,,,1516.0,14.2,553.4365,1987-07-01
1987-08-01,,,,,1511.0,14.4,554.1078,1987-08-01
1987-09-01,,,,,1514.0,14.2,561.3184,1987-09-01
1987-10-01,,,,,1447.0,14.0,563.0673,1987-10-01
1987-11-01,,,,,1457.0,14.0,562.5105,1987-11-01
1987-12-01,,,,,1345.0,14.2,565.149,1987-12-01
1988-01-01,,,,,1244.0,14.2,567.0717,1988-01-01
1988-02-01,,,,,1438.0,14.4,568.2573,1988-02-01
1988-03-01,,,,,1525.0,13.7,571.3809,1988-03-01
1988-04-01,,,,,1429.0,13.3,577.3888,1988-04-01
1988-05-01,,,,,1444.0,13.8,583.8109,1988-05-01
1988-06-01,,,,,1485.0,13.1,588.9871,1988-06-01
1988-07-01,,,,,1439.0,13.4,593.942,1988-07-01
1988-08-01,,,,,1460.0,13.6,594.5317,1988-08-01
1988-09-01,,,,,1436.0,13.6,595.4634,1988-09-01
1988-10-01,,,,,1516.0,13.4,599.0292,1988-10-01
1988-11-01,,,,,1508.0,12.6,601.063,1988-11-01
1988-12-01,,,,,1501.0,12.9,604.6483,1988-12-01
1989-01-01,,,,,1466.0,12.6,606.2756,1989-01-01
1989-02-01,,,,,1383.0,12.4,617.0983,1989-02-01
1989-03-01,,,,,1214.0,12.3,616.4861,1989-03-01
1989-04-01,,,,,1376.0,12.5,619.041,1989-04-01
1989-05-01,,,,,1381.0,12.0,624.2982,1989-05-01
1989-06-01,,,,,1322.0,11.1,624.2633,1989-06-01
1989-07-01,,,,,1283.0,11.8,631.0131,1989-07-01
1989-08-01,,,,,1334.0,11.4,635.2476,1989-08-01
1989-09-01,,,,,1314.0,11.5,637.1711,1989-09-01
1989-10-01,,,,,1365.0,11.9,639.3482,1989-10-01
1989-11-01,,,,,1344.0,11.7,639.6836,1989-11-01
1989-12-01,,,,,1422.0,11.6,637.6122,1989-12-01
1990-01-01,,,,,1748.0,11.8,635.7502,1990-01-01
1990-02-01,,,,,1329.0,11.6,636.533,1990-02-01
1990-03-01,,,,,1246.0,11.7,638.3617,1990-03-01
1990-04-01,,,,,1136.0,11.8,640.8471,1990-04-01
1990-05-01,,,,,1067.0,11.7,639.7487,1990-05-01
1990-06-01,,,,,1108.0,11.6,641.5267,1990-06-01
1990-07-01,,,,,1078.0,11.9,639.904,1990-07-01
1990-08-01,,,,,1069.0,12.2,640.3672,1990-08-01
1990-09-01,,,,,976.0,12.4,639.4668,1990-09-01
1990-10-01,,,,,925.0,12.2,637.526,1990-10-01
1990-11-01,,,,,941.0,12.4,639.1908,1990-11-01
1990-12-01,,,,,861.0,12.5,641.5803,1990-12-01
1991-01-01,,,,,786.0,12.2,636.1385,1991-01-01
1991-02-01,,,,,853.0,12.7,635.9704,1991-02-01
1991-03-01,,,,,911.0,12.9,635.2905,1991-03-01
1991-04-01,,,,,916.0,13.5,631.2584,1991-04-01
1991-05-01,,,,,991.0,12.9,627.7266,1991-05-01
1991-06-01,,,,,964.0,13.7,626.3743,1991-06-01
1991-07-01,,,,,973.0,13.8,623.2141,1991-07-01
1991-08-01,,,,,944.0,13.9,618.3837,1991-08-01
1991-09-01,,,,,974.0,14.0,620.5541,1991-09-01
1991-10-01,,,,,991.0,14.4,620.9639,1991-10-01
1991-11-01,,,,,984.0,14.8,618.4217,1991-11-01
1991-12-01,,,,,1061.0,15.4,618.3851,1991-12-01
1992-01-01,,,,,1077.0,16.1,613.6028,1992-01-01
1992-02-01,,19863.0,,33857.0,1146.0,16.7,609.7544,1992-02-01
1992-03-01,,20776.0,,35258.0,1082.0,17.1,607.378,1992-03-01
1992-04-01,,21635.0,,35992.0,1054.0,17.4,604.3837,1992-04-01
1992-05-01,,21870.0,,36811.0,1056.0,17.8,602.1934,1992-05-01
1992-06-01,,20928.0,,36666.0,1057.0,18.2,601.0575,1992-06-01
1992-07-01,,22695.0,,36629.0,1089.0,18.1,599.26,1992-07-01
1992-08-01,,21354.0,,36131.0,1075.0,18.0,597.2606,1992-08-01
1992-09-01,,20570.0,,37629.0,1114.0,18.1,598.4085,1992-09-01
1992-10-01,,21395.0,,36668.0,1132.0,18.9,596.8519,1992-10-01
1992-11-01,,21681.0,,37573.0,1118.0,17.9,596.8943,1992-11-01
1992-12-01,,21320.0,,38374.0,1176.0,19.0,596.4936,1992-12-01
1993-01-01,,23603.0,,37041.0,1177.0,18.3,595.5009,1993-01-01
1993-02-01,,23039.0,,36962.0,1148.0,18.2,593.5341,1993-02-01
1993-03-01,,22625.0,,36895.0,1056.0,17.6,591.2713,1993-03-01
1993-04-01,,23074.0,,37729.0,1104.0,17.6,585.6343,1993-04-01
1993-05-01,,22991.0,,37869.0,1112.0,17.5,587.9676,1993-05-01
1993-06-01,,23058.0,,38381.0,1130.0,17.8,590.2335,1993-06-01
1993-07-01,,22568.0,,38915.0,1174.0,17.7,587.9056,1993-07-01
1993-08-01,,21364.0,,39309.0,1230.0,18.0,587.7135,1993-08-01
1993-09-01,,21946.0,,39307.0,1251.0,18.1,585.428,1993-09-01
1993-10-01,,23542.0,,40550.0,1287.0,18.1,583.9107,1993-10-01
1993-11-01,,23239.0,,40301.0,1357.0,18.6,584.0111,1993-11-01
1993-12-01,,23955.0,,43296.0,1461.0,18.3,583.6991,1993-12-01
1994-01-01,,25804.0,,39801.0,1390.0,18.6,587.4527,1994-01-01
1994-02-01,,25353.0,,41736.0,1269.0,19.0,588.0663,1994-02-01
1994-03-01,,25276.0,,41245.0,1342.0,19.0,594.7911,1994-03-01
1994-04-01,,26229.0,,42992.0,1392.0,19.0,600.4842,1994-04-01
1994-05-01,,26587.0,,42849.0,1396.0,19.5,604.7598,1994-05-01
1994-06-01,,26291.0,,44555.0,1357.0,18.8,609.0313,1994-06-01
1994-07-01,,26568.0,,44016.0,1335.0,19.0,616.4997,1994-07-01
1994-08-01,,26793.0,,44406.0,1377.0,18.8,622.1041,1994-08-01
1994-09-01,,26268.0,,44507.0,1412.0,18.7,624.9589,1994-09-01
1994-10-01,,26423.0,,45959.0,1397.0,19.3,631.5934,1994-10-01
1994-11-01,,27016.0,,45942.0,1340.0,18.0,638.3755,1994-11-01
1994-12-01,,27654.0,,46186.0,1396.0,17.8,643.8181,1994-12-01
1995-01-01,,28313.0,,47317.0,1282.0,17.1,654.349,1995-01-01
1995-02-01,,27620.0,,46200.0,1254.0,17.0,666.5955,1995-02-01
1995-03-01,,27571.0,,46095.0,1226.0,17.3,673.5374,1995-03-01
1995-04-01,,27417.0,,46776.0,1259.0,17.6,677.5537,1995-04-01
1995-05-01,,26789.0,,48401.0,1271.0,17.0,686.1953,1995-05-01
1995-06-01,,26393.0,,47970.0,1305.0,15.9,690.6401,1995-06-01
1995-07-01,,26573.0,,45962.0,1354.0,16.5,698.5413,1995-07-01
1995-08-01,,26521.0,,47502.0,1386.0,16.2,702.813,1995-08-01
1995-09-01,,26968.0,,49431.0,1421.0,16.2,706.0379,1995-09-01
1995-10-01,,26993.0,,50283.0,1400.0,16.0,706.3051,1995-10-01
1995-11-01,,25835.0,,49798.0,1430.0,16.4,712.6005,1995-11-01
1995-12-01,,26896.0,,51221.0,1442.0,16.3,715.0997,1995-12-01
1996-01-01,,26533.0,,47931.0,1387.0,16.1,721.8057,1996-01-01
1996-02-01,,26087.0,,49183.0,1420.0,16.4,724.1616,1996-02-01
1996-03-01,,26561.0,,49780.0,1437.0,17.3,727.356,1996-03-01
1996-04-01,,27976.0,,48102.0,1463.0,17.6,732.1012,1996-04-01
1996-05-01,,28089.0,,50505.0,1457.0,17.0,736.4856,1996-05-01
1996-06-01,,27650.0,,51556.0,1429.0,17.6,741.4455,1996-06-01
1996-07-01,,28126.0,,51047.0,1450.0,16.7,745.0273,1996-07-01
1996-08-01,,27188.0,,50780.0,1413.0,17.3,747.8054,1996-08-01
1996-09-01,,28288.0,,49824.0,1392.0,16.8,758.537,1996-09-01
1996-10-01,,27651.0,,52556.0,1358.0,16.3,765.9673,1996-10-01
1996-11-01,,27568.0,,52664.0,1412.0,15.9,772.0492,1996-11-01
1996-12-01,,26790.0,,50765.0,1411.0,15.6,778.6286,1996-12-01
1997-01-01,,28524.0,,51958.0,1382.0,16.0,782.375,1997-01-01
1997-02-01,,29287.0,,54285.0,1445.0,15.8,789.1726,1997-02-01
1997-03-01,,29168.0,,54195.0,1436.0,15.5,795.6514,1997-03-01
1997-04-01,,29915.0,,55044.0,1421.0,15.6,803.929,1997-04-01
1997-05-01,,29351.0,,53924.0,1414.0,15.4,809.3704,1997-05-01
1997-06-01,,29727.0,,55972.0,1402.0,15.5,813.4073,1997-06-01
1997-07-01,,32433.0,,58969.0,1440.0,16.4,816.5198,1997-07-01
1997-08-01,,30207.0,,58232.0,1449.0,16.0,822.4841,1997-08-01
1997-09-01,,30280.0,,60143.0,1494.0,15.9,829.9312,1997-09-01
1997-10-01,,30990.0,,57582.0,1499.0,16.1,833.9001,1997-10-01
1997-11-01,,31608.0,,57967.0,1469.0,15.4,839.8911,1997-11-01
1997-12-01,,31548.0,,58401.0,1456.0,15.9,845.1075,1997-12-01
1998-01-01,,29645.0,,56811.0,1555.0,15.6,855.6193,1998-01-01
1998-02-01,,31478.0,,59362.0,1647.0,15.4,862.3211,1998-02-01
1998-03-01,,31053.0,,57672.0,1605.0,14.5,866.1456,1998-03-01
1998-04-01,,30604.0,,55909.0,1547.0,14.7,864.4037,1998-04-01
1998-05-01,,32247.0,,58575.0,1554.0,14.7,876.0401,1998-05-01
1998-06-01,,28440.0,,59020.0,1551.0,14.1,891.1429,1998-06-01
1998-07-01,,27961.0,,56670.0,1610.0,14.1,897.6623,1998-07-01
1998-08-01,,31264.0,,57658.0,1654.0,13.7,903.9445,1998-08-01
1998-09-01,,31577.0,,60257.0,1577.0,14.4,912.3652,1998-09-01
1998-10-01,,33093.0,,56319.0,1719.0,14.1,931.3329,1998-10-01
1998-11-01,,32463.0,,58162.0,1672.0,14.5,942.2429,1998-11-01
1998-12-01,,33341.0,,60818.0,1742.0,14.0,939.184,1998-12-01
1999-01-01,,34307.0,,57160.0,1732.0,13.4,937.8295,1999-01-01
1999-02-01,,36055.0,,58576.0,1720.0,13.8,935.9178,1999-02-01
1999-03-01,,35175.0,,59657.0,1665.0,13.4,944.4668,1999-03-01
1999-04-01,,34293.0,,58929.0,1600.0,13.3,947.256,1999-04-01
1999-05-01,,34526.0,,59814.0,1640.0,13.4,942.4256,1999-05-01
1999-06-01,,33971.0,,59045.0,1702.0,14.3,949.7843,1999-06-01
1999-07-01,,33673.0,,62074.0,1682.0,13.6,958.5175,1999-07-01
1999-08-01,,34345.0,,61732.0,1671.0,13.1,969.0853,1999-08-01
1999-09-01,,34359.0,,63231.0,1551.0,13.1,975.1529,1999-09-01
1999-10-01,,35512.0,,61451.0,1649.0,13.3,978.2339,1999-10-01
1999-11-01,,33332.0,,61849.0,1672.0,12.9,1000.2903,1999-11-01
1999-12-01,,33505.0,,65451.0,1683.0,12.9,1001.0495,1999-12-01
2000-01-01,,35369.0,,63975.0,1727.0,13.1,1003.6346,2000-01-01
2000-02-01,,33802.0,,58497.0,1692.0,12.6,1016.5905,2000-02-01
2000-03-01,,33582.0,,63642.0,1651.0,12.7,1026.3039,2000-03-01
2000-04-01,,34112.0,,64414.0,1597.0,12.4,1035.1991,2000-04-01
2000-05-01,,33061.0,,63753.0,1543.0,12.6,1052.0804,2000-05-01
2000-06-01,,32376.0,,68292.0,1572.0,12.3,1062.8185,2000-06-01
2000-07-01,,31981.0,,63581.0,1542.0,13.4,1068.5861,2000-07-01
2000-08-01,,29773.0,,64759.0,1552.0,12.9,1071.6725,2000-08-01
2000-09-01,,33656.0,,66733.0,1570.0,12.2,1072.9278,2000-09-01
2000-10-01,,32437.0,,63580.0,1577.0,12.7,1077.9163,2000-10-01
2000-11-01,,31028.0,,62569.0,1614.0,12.4,1080.4648,2000-11-01
2000-12-01,,30631.0,,62554.0,1543.0,12.5,1085.2826,2000-12-01
2001-01-01,,28327.0,,60808.0,1699.0,12.7,1094.0971,2001-01-01
2001-02-01,,30131.0,,60697.0,1656.0,12.8,1094.2973,2001-02-01
2001-03-01,,30159.0,,58146.0,1659.0,12.8,1092.0557,2001-03-01
2001-04-01,,29354.0,,54841.0,1666.0,12.4,1089.1736,2001-04-01
2001-05-01,,30935.0,,56599.0,1665.0,12.1,1084.184,2001-05-01
2001-06-01,,30441.0,,55428.0,1626.0,12.7,1072.076,2001-06-01
2001-07-01,,30927.0,,53436.0,1598.0,12.9,1063.9772,2001-07-01
2001-08-01,,31176.0,,54169.0,1615.0,13.3,1055.8491,2001-08-01
2001-09-01,,29162.0,,50735.0,1565.0,13.2,1059.2448,2001-09-01
2001-10-01,,29859.0,,49736.0,1566.0,13.3,1044.5486,2001-10-01
2001-11-01,,31309.0,,51335.0,1651.0,14.3,1034.0155,2001-11-01
2001-12-01,,32059.0,,51290.0,1680.0,14.5,1021.7987,2001-12-01
2002-01-01,,32011.0,,47416.0,1665.0,14.7,1012.1295,2002-01-01
2002-02-01,,31261.0,,50422.0,1787.0,15.0,1016.8288,2002-02-01
2002-03-01,,29902.0,,47371.0,1691.0,15.4,1011.8719,2002-03-01
2002-04-01,,33850.0,,49964.0,1669.0,16.3,1000.2742,2002-04-01
2002-05-01,,33383.0,,50680.0,1716.0,16.8,990.988,2002-05-01
2002-06-01,,32769.0,,48847.0,1758.0,16.9,984.1211,2002-06-01
2002-07-01,,34340.0,,49531.0,1738.0,16.9,976.6671,2002-07-01
2002-08-01,,34391.0,,51112.0,1695.0,16.5,972.4608,2002-08-01
2002-09-01,,33326.0,,48089.0,1803.0,17.6,966.29,2002-09-01
2002-10-01,,34529.0,,49106.0,1799.0,17.8,962.8135,2002-10-01
2002-11-01,,33757.0,,49620.0,1771.0,17.6,960.5212,2002-11-01
2002-12-01,,32788.0,,48744.0,1896.0,18.5,957.8298,2002-12-01
2003-01-01,,34936.0,,48896.0,1808.0,18.5,950.3781,2003-01-01
2003-02-01,,34336.0,,49128.0,1854.0,18.5,941.6436,2003-02-01
2003-03-01,,34082.0,,51757.0,1757.0,18.1,937.5419,2003-03-01
2003-04-01,,33536.0,,49199.0,1803.0,19.4,935.1035,2003-04-01
2003-05-01,,34324.0,,50849.0,1835.0,19.0,924.0954,2003-05-01
2003-06-01,,34353.0,,49941.0,1875.0,19.9,917.4028,2003-06-01
2003-07-01,,36246.0,,49408.0,1885.0,19.7,921.4758,2003-07-01
2003-08-01,,33995.0,,50447.0,1966.0,19.2,909.6871,2003-08-01
2003-09-01,,36628.0,,51971.0,1961.0,19.5,899.8902,2003-09-01
2003-10-01,,36308.0,,51088.0,2012.0,19.3,886.9372,2003-10-01
2003-11-01,,35731.0,,52318.0,1918.0,19.9,881.787,2003-11-01
2003-12-01,,35080.0,,53325.0,1987.0,19.8,883.612,2003-12-01
2004-01-01,,34731.0,,50190.0,1952.0,19.9,876.4207,2004-01-01
2004-02-01,,35562.0,,51210.0,1966.0,20.1,874.5792,2004-02-01
2004-03-01,,37237.0,,54995.0,2066.0,19.8,869.3998,2004-03-01
2004-04-01,,34958.0,,52065.0,2070.0,19.6,864.5074,2004-04-01
2004-05-01,,34080.0,,52405.0,2150.0,19.8,862.8714,2004-05-01
2004-06-01,,34394.0,,53213.0,2020.0,20.5,869.1811,2004-06-01
2004-07-01,,31368.0,,53699.0,2112.0,18.8,878.0762,2004-07-01
2004-08-01,,34516.0,,51950.0,2056.0,18.8,883.0308,2004-08-01
2004-09-01,,34385.0,,56227.0,2041.0,19.4,886.8239,2004-09-01
2004-10-01,,33977.0,,53948.0,2097.0,19.5,889.2936,2004-10-01
2004-11-01,,35563.0,,55318.0,2079.0,19.7,897.6287,2004-11-01
2004-12-01,,35638.0,,56631.0,2082.0,19.4,906.4208,2004-12-01
2005-01-01,,34201.0,,57884.0,2139.0,19.5,921.4766,2005-01-01
2005-02-01,,34873.0,,57580.0,2114.0,19.1,931.8728,2005-02-01
2005-03-01,,33079.0,,56576.0,2062.0,19.5,945.8598,2005-03-01
2005-04-01,,35209.0,,58138.0,2150.0,19.6,958.5723,2005-04-01
2005-05-01,,34876.0,,57105.0,2085.0,18.6,968.6706,2005-05-01
2005-06-01,,34543.0,,58903.0,2178.0,17.9,975.0938,2005-06-01
2005-07-01,,34342.0,,57606.0,2203.0,17.6,989.5683,2005-07-01
2005-08-01,,35889.0,,60352.0,2219.0,18.4,995.88,2005-08-01
2005-09-01,,37404.0,,58344.0,2263.0,17.9,1000.9518,2005-09-01
2005-10-01,,36277.0,,59751.0,2170.0,17.9,1014.4701,2005-10-01
2005-11-01,,34992.0,,60459.0,2218.0,17.5,1022.6095,2005-11-01
2005-12-01,,35774.0,,61271.0,2120.0,17.5,1036.1682,2005-12-01
2006-01-01,,36115.0,,62469.0,2212.0,16.9,1048.856,2006-01-01
2006-02-01,,35831.0,,62592.0,2141.0,17.8,1058.512,2006-02-01
2006-03-01,34.2,36191.0,,65096.0,2118.0,17.1,1068.7248,2006-03-01
2006-04-01,34.3,34888.0,,63272.0,1998.0,16.7,1084.9873,2006-04-01
2006-05-01,34.3,36780.0,,64145.0,1905.0,17.1,1103.2095,2006-05-01
2006-06-01,34.4,36700.0,,63601.0,1867.0,16.6,1118.8082,2006-06-01
2006-07-01,34.4,32293.0,,63922.0,1763.0,17.1,1130.5368,2006-07-01
2006-08-01,34.3,33904.0,,64379.0,1722.0,17.1,1152.2955,2006-08-01
2006-09-01,34.4,33161.0,,66981.0,1655.0,17.1,1151.2134,2006-09-01
2006-10-01,34.3,33778.0,,66492.0,1570.0,16.3,1161.3232,2006-10-01
2006-11-01,34.4,33700.0,,66484.0,1535.0,16.2,1169.9763,2006-11-01
2006-12-01,34.5,36221.0,,65935.0,1638.0,16.1,1182.5945,2006-12-01
2007-01-01,34.3,33741.0,,64015.0,1626.0,16.3,1192.5063,2007-01-01
2007-02-01,34.3,34131.0,,63882.0,1598.0,16.7,1205.1098,2007-02-01
2007-03-01,34.4,35076.0,,66935.0,1596.0,17.8,1215.8239,2007-03-01
2007-04-01,34.3,35810.0,,66049.0,1470.0,16.9,1226.4701,2007-04-01
2007-05-01,34.4,36145.0,,64811.0,1493.0,16.6,1244.4644,2007-05-01
2007-06-01,34.5,35913.0,,64999.0,1407.0,16.5,1263.8758,2007-06-01
2007-07-01,34.4,36513.0,,65147.0,1361.0,17.2,1281.645,2007-07-01
2007-08-01,34.4,35913.0,,66192.0,1321.0,17.0,1307.649,2007-08-01
2007-09-01,34.4,34447.0,,65178.0,1261.0,16.3,1350.0516,2007-09-01
2007-10-01,34.3,35181.0,,65144.0,1192.0,17.0,1374.7957,2007-10-01
2007-11-01,34.4,34931.0,,65239.0,1224.0,17.3,1393.7151,2007-11-01
2007-12-01,34.4,34044.0,,68163.0,1149.0,16.6,1417.7094,2007-12-01
2008-01-01,34.4,33781.0,,68229.0,1094.0,17.5,1441.0699,2008-01-01
2008-02-01,34.4,33725.0,,66452.0,1014.0,16.9,1449.1891,2008-02-01
2008-03-01,34.4,30618.0,,66337.0,967.0,16.5,1470.7837,2008-03-01
2008-04-01,34.3,31541.0,,69555.0,1008.0,16.9,1490.0767,2008-04-01
2008-05-01,34.4,30704.0,,68572.0,995.0,16.6,1491.1741,2008-05-01
2008-06-01,34.4,30747.0,,67759.0,1180.0,17.1,1498.2133,2008-06-01
2008-07-01,34.3,29320.0,,67754.0,921.0,17.0,1512.0211,2008-07-01
2008-08-01,34.3,28630.0,,66479.0,858.0,17.7,1513.7118,2008-08-01
2008-09-01,34.2,29037.0,,63556.0,797.0,18.6,1530.9481,2008-09-01
2008-10-01,34.3,26935.0,,59439.0,736.0,19.9,1586.534,2008-10-01
2008-11-01,34.1,26135.0,,60513.0,626.0,18.9,1575.5505,2008-11-01
2008-12-01,33.9,24497.0,,55732.0,554.0,19.9,1558.813,2008-12-01
2009-01-01,34.0,22504.0,,49523.0,545.0,19.8,1544.889,2009-01-01
2009-02-01,34.0,21736.0,,50247.0,558.0,20.2,1532.761,2009-02-01
2009-03-01,33.8,21850.0,,48959.0,513.0,20.9,1511.3365,2009-03-01
2009-04-01,33.8,21686.0,,47043.0,521.0,21.7,1491.5942,2009-04-01
2009-05-01,33.8,20841.0,,48777.0,556.0,22.4,1469.3807,2009-05-01
2009-06-01,33.7,19562.0,,50508.0,601.0,23.9,1436.2956,2009-06-01
2009-07-01,33.8,21525.0,,51053.0,595.0,25.1,1395.3133,2009-07-01
2009-08-01,33.8,22490.0,,50126.0,616.0,25.3,1363.5272,2009-08-01
2009-09-01,33.9,22778.0,,52991.0,609.0,26.6,1337.7022,2009-09-01
2009-10-01,33.8,23406.0,,52061.0,583.0,27.5,1307.8399,2009-10-01
2009-11-01,33.9,24534.0,,52778.0,623.0,28.9,1290.1111,2009-11-01
2009-12-01,33.9,25155.0,,54427.0,664.0,29.7,1265.2619,2009-12-01
2010-01-01,34.1,26250.0,,52365.0,636.0,30.3,1238.7275,2010-01-01
2010-02-01,33.8,23734.0,,53386.0,650.0,29.8,1223.6152,2010-02-01
2010-03-01,34.0,24603.0,,56130.0,687.0,31.6,1210.1271,2010-03-01
2010-04-01,34.1,25512.0,,52604.0,637.0,33.3,1207.4725,2010-04-01
2010-05-01,34.1,26152.0,,57162.0,575.0,34.0,1196.7238,2010-05-01
2010-06-01,34.1,26565.0,,59728.0,587.0,34.5,1190.1035,2010-06-01
2010-07-01,34.1,28120.0,,56453.0,579.0,33.9,1188.9413,2010-07-01
2010-08-01,34.2,28207.0,,58633.0,580.0,33.7,1187.8391,2010-08-01
2010-09-01,34.3,28711.0,,59839.0,563.0,33.4,1185.9545,2010-09-01
2010-10-01,34.3,28496.0,,57751.0,558.0,34.0,1184.9,2010-10-01
2010-11-01,34.2,28009.0,,60426.0,560.0,33.9,1187.0833,2010-11-01
2010-12-01,34.3,28920.0,,61858.0,632.0,34.7,1192.4508,2010-12-01
2011-01-01,34.2,28746.0,,60696.0,576.0,37.2,1196.0521,2011-01-01
2011-02-01,34.3,28858.0,,59049.0,542.0,37.4,1199.7673,2011-02-01
2011-03-01,34.3,30530.0,,62057.0,583.0,39.1,1206.9387,2011-03-01
2011-04-01,34.4,27926.0,,61957.0,581.0,38.7,1214.807,2011-04-01
2011-05-01,34.3,27726.0,,63863.0,618.0,39.6,1228.9109,2011-05-01
2011-06-01,34.3,28220.0,,63492.0,636.0,39.9,1233.6034,2011-06-01
2011-07-01,34.4,29979.0,,64870.0,621.0,40.7,1244.2764,2011-07-01
2011-08-01,34.3,27890.0,,64663.0,647.0,40.5,1263.3354,2011-08-01
2011-09-01,34.4,27607.0,,65559.0,610.0,40.4,1269.7253,2011-09-01
2011-10-01,34.4,29634.0,,67585.0,671.0,38.7,1280.0728,2011-10-01
2011-11-01,34.4,28908.0,,65081.0,706.0,40.2,1292.8963,2011-11-01
2011-12-01,34.4,29150.0,,68520.0,697.0,40.4,1303.8451,2011-12-01
2012-01-01,34.5,29958.0,,67740.0,712.0,40.2,1321.3661,2012-01-01
2012-02-01,34.5,29799.0,,69729.0,738.0,39.7,1344.4322,2012-02-01
2012-03-01,34.4,30200.0,,69443.0,806.0,39.3,1351.0597,2012-03-01
2012-04-01,34.5,32073.0,,67904.0,732.0,39.2,1368.4636,2012-04-01
2012-05-01,34.4,32169.0,,69087.0,796.0,39.6,1378.9156,2012-05-01
2012-06-01,34.4,32151.0,,66981.0,794.0,40.3,1397.9647,2012-06-01
2012-07-01,34.4,31686.0,,65108.0,849.0,39.3,1413.7012,2012-07-01
2012-08-01,34.4,30943.0,,63671.0,840.0,39.6,1425.8549,2012-08-01
2012-09-01,34.4,31224.0,,63851.0,930.0,39.8,1434.3839,2012-09-01
2012-10-01,34.4,30263.0,,65817.0,887.0,39.6,1449.2111,2012-10-01
2012-11-01,34.4,31280.0,,66737.0,917.0,39.0,1457.2875,2012-11-01
2012-12-01,34.5,31262.0,,66397.0,941.0,37.6,1474.5049,2012-12-01
2013-01-01,34.4,32161.0,,69666.0,940.0,35.6,1485.0308,2013-01-01
2013-02-01,34.5,33235.0,,66186.0,980.0,36.4,1491.4671,2013-02-01
2013-03-01,34.5,32387.0,,65911.0,936.0,37.0,1499.896,2013-03-01
2013-04-01,34.4,33468.0,,67245.0,1012.0,36.5,1507.2634,2013-04-01
2013-05-01,34.5,33021.0,,69054.0,1003.0,36.8,1510.3569,2013-05-01
2013-06-01,34.5,33376.0,,68803.0,942.0,36.4,1521.793,2013-06-01
2013-07-01,34.4,32545.0,,65978.0,997.0,37.3,1531.8255,2013-07-01
2013-08-01,34.5,33925.0,,65882.0,964.0,37.6,1533.4024,2013-08-01
2013-09-01,34.4,33786.0,,66200.0,1004.0,37.4,1539.9032,2013-09-01
2013-10-01,34.4,34808.0,,64322.0,1044.0,35.1,1549.0928,2013-10-01
2013-11-01,34.5,36729.0,,68263.0,1029.0,36.6,1558.5274,2013-11-01
2013-12-01,34.4,33758.0,,66857.0,1007.0,36.5,1574.4486,2013-12-01
2014-01-01,34.4,33082.0,,67962.0,983.0,35.1,1586.6613,2014-01-01
2014-02-01,34.3,35331.0,,67110.0,1045.0,36.5,1619.8115,2014-02-01
2014-03-01,34.5,35546.0,,68192.0,1062.0,35.3,1634.1345,2014-03-01
2014-04-01,34.5,34905.0,,66236.0,1085.0,34.9,1651.0081,2014-04-01
2014-05-01,34.5,36930.0,,65504.0,1016.0,34.4,1663.7247,2014-05-01
2014-06-01,34.5,35780.0,,69424.0,1003.0,33.9,1676.9617,2014-06-01
2014-07-01,34.5,38570.0,,67521.0,1073.0,32.7,1694.9863,2014-07-01
2014-08-01,34.6,36571.0,,68353.0,1047.0,32.0,1712.3078,2014-08-01
2014-09-01,34.5,36913.0,,69215.0,1076.0,31.9,1725.4348,2014-09-01
2014-10-01,34.6,37302.0,,65372.0,1100.0,32.3,1729.5309,2014-10-01
2014-11-01,34.6,36791.0,,64362.0,1062.0,32.7,1751.3379,2014-11-01
2014-12-01,34.6,38140.0,,65561.0,1074.0,32.7,1773.5443,2014-12-01
2015-01-01,34.5,35825.0,,65854.0,1057.0,31.9,1791.2859,2015-01-01
2015-02-01,34.6,35693.0,,64254.0,1131.0,31.2,1807.7031,2015-02-01
2015-03-01,34.5,38740.0,,64321.0,1071.0,30.5,1834.3429,2015-03-01
2015-04-01,34.5,37706.0,,63970.0,1161.0,30.9,1847.9066,2015-04-01
2015-05-01,34.5,38368.0,,62649.0,1270.0,30.7,1863.9023,2015-05-01
2015-06-01,34.5,39210.0,,63225.0,1367.0,28.4,1880.8777,2015-06-01
2015-07-01,34.5,40096.0,,63979.0,1136.0,28.1,1890.1728,2015-07-01
2015-08-01,34.6,39037.0,,63465.0,1166.0,28.3,1904.4622,2015-08-01
2015-09-01,34.5,39684.0,,63285.0,1143.0,26.0,1914.7348,2015-09-01
2015-10-01,34.6,38747.0,,63011.0,1165.0,27.5,1927.5008,2015-10-01
2015-11-01,34.5,39538.0,,62254.0,1251.0,27.9,1945.362,2015-11-01
2015-12-01,34.5,39018.0,,59922.0,1213.0,27.8,1953.3169,2015-12-01
2016-01-01,34.6,39969.0,,61849.0,1176.0,29.1,1963.0758,2016-01-01
2016-02-01,34.4,40544.0,,60788.0,1192.0,29.1,1986.2564,2016-02-01
2016-03-01,34.4,39058.0,,60517.0,1113.0,28.4,2018.5039,2016-03-01
2016-04-01,34.4,39955.0,,60503.0,1152.0,28.2,2034.062,2016-04-01
2016-05-01,34.4,38430.0,,59218.0,1188.0,26.9,2049.4868,2016-05-01
2016-06-01,34.4,39044.0,,59724.0,1196.0,28.1,2052.9931,2016-06-01
2016-07-01,34.4,39954.0,,60456.0,1187.0,27.9,2059.8274,2016-07-01
2016-08-01,34.3,39832.0,,61821.0,1207.0,27.3,2053.5186,2016-08-01
2016-09-01,34.4,40075.0,,60102.0,1283.0,26.8,2069.0221,2016-09-01
2016-10-01,34.4,39582.0,,60055.0,1281.0,26.4,2081.1498,2016-10-01
2016-11-01,34.3,39215.0,,60578.0,1246.0,25.8,2086.3677,2016-11-01
2016-12-01,34.4,40337.0,,60470.0,1257.0,26.1,2080.7933,2016-12-01
2017-01-01,34.4,40311.0,,62355.0,1321.0,25.0,2080.1662,2017-01-01
2017-02-01,34.3,39374.0,,62687.0,1247.0,25.3,2080.3801,2017-02-01
2017-03-01,34.3,38883.0,,63108.0,1286.0,25.4,2065.6408,2017-03-01
2017-04-01,34.4,38383.0,,63572.0,1245.0,24.4,2069.8661,2017-04-01
2017-05-01,34.4,40081.0,,63719.0,1201.0,25.0,2075.1288,2017-05-01
2017-06-01,34.4,39812.0,,63456.0,1317.0,25.1,2077.7972,2017-06-01
2017-07-01,34.4,38739.0,,64123.0,1255.0,24.9,2081.1444,2017-07-01
2017-08-01,34.4,39896.0,,64555.0,1315.0,24.3,2089.1515,2017-08-01
2017-09-01,34.3,39617.0,,68024.0,1261.0,26.4,2102.2563,2017-09-01
2017-10-01,34.4,40044.0,,67140.0,1349.0,25.5,2105.9593,2017-10-01
2017-11-01,34.5,40832.0,,65101.0,1314.0,25.1,2101.8195,2017-11-01
2017-12-01,34.5,40151.0,,66707.0,1315.0,23.8,2103.073,2017-12-01
2018-01-01,34.4,41014.0,,66237.0,1384.0,23.9,2105.4828,2018-01-01
2018-02-01,34.5,41722.0,,67522.0,1339.0,22.9,2108.3058,2018-02-01
2018-03-01,34.5,42111.0,,66828.0,1406.0,24.2,2123.9696,2018-03-01
2018-04-01,34.5,42643.0,,67882.0,1376.0,23.0,2171.4872,2018-04-01
2018-05-01,34.5,39641.0,,68034.0,1321.0,21.3,2178.2567,2018-05-01
2018-06-01,34.5,42283.0,,68784.0,1306.0,21.2,2197.4494,2018-06-01
2018-07-01,34.5,44438.0,,69973.0,1316.0,23.1,2212.04,2018-07-01
2018-08-01,34.5,43186.0,,69477.0,1267.0,22.6,2215.8684,2018-08-01
2018-09-01,34.5,43479.0,,69184.0,1288.0,24.1,2222.7,2018-09-01
2018-10-01,34.5,43968.0,,69904.0,1281.0,22.4,2237.3772,2018-10-01
2018-11-01,34.4,44248.0,,69052.0,1334.0,21.7,2264.2834,2018-11-01
2018-12-01,34.5,44718.0,,67964.0,1339.0,21.8,2297.8156,2018-12-01
2019-01-01,34.5,44187.0,,68935.0,1316.0,20.5,2314.9866,2019-01-01
2019-02-01,34.4,44117.0,,69166.0,1287.0,21.7,2323.5995,2019-02-01
2019-03-01,34.5,44069.0,,69396.0,1288.0,22.2,2335.9146,2019-03-01
2019-04-01,34.4,42909.0,,68629.0,1290.0,22.9,2336.5364,2019-04-01
2019-05-01,34.4,43482.0,,68794.0,1299.0,24.1,2338.7664,2019-05-01
2019-06-01,34.4,45015.0,,69806.0,1232.0,22.2,2344.8313,2019-06-01
2019-07-01,34.3,,,,1317.0,19.6,2352.9589,2019-07-01
